64,32
A,0,N,FALSE,FALSE,0,0,0
B,0,N,FALSE,FALSE,0,0,0
C,0,N,FALSE,FALSE,0,0,0
D,0,N,FALSE,FALSE,0,0,0
E,0,N,FALSE,FALSE,0,0,0
F,0,N,FALSE,FALSE,0,0,0
G,0,N,FALSE,FALSE,0,0,0
H,0,N,FALSE,FALSE,0,0,0
I,0,N,FALSE,FALSE,0,0,0
J,0,N,FALSE,FALSE,0,0,0
K,0,N,FALSE,FALSE,0,0,0
L,0,N,FALSE,FALSE,0,0,0
M,0,N,FALSE,FALSE,0,0,0
N,0,N,FALSE,FALSE,0,0,0
O,0,N,FALSE,FALSE,0,0,0
P,0,N,FALSE,FALSE,0,0,0
Q,0,N,FALSE,FALSE,0,0,0
R,0,N,FALSE,FALSE,0,0,0
S,0,N,FALSE,FALSE,0,0,0
T,0,N,FALSE,FALSE,0,0,0
U,0,N,FALSE,FALSE,0,0,0
V,0,N,FALSE,FALSE,0,0,0
W,0,N,FALSE,FALSE,0,0,0
X,0,N,FALSE,FALSE,0,0,0
Y,0,N,FALSE,FALSE,0,0,0
Z,0,N,FALSE,FALSE,0,0,0
AA,0,N,FALSE,FALSE,0,0,0
AB,0,N,FALSE,FALSE,0,0,0
AC,0,N,FALSE,FALSE,0,0,0
AD,0,N,FALSE,FALSE,0,0,0
AE,0,N,FALSE,FALSE,0,0,0
AF,0,N,FALSE,FALSE,0,0,0
AG,0,N,FALSE,FALSE,0,0,0
AH,0,N,FALSE,FALSE,0,0,0
AI,0,N,FALSE,FALSE,0,0,0
AJ,0,N,FALSE,FALSE,0,0,0
AK,0,N,FALSE,FALSE,0,0,0
AL,0,N,FALSE,FALSE,0,0,0
AM,0,N,FALSE,FALSE,0,0,0
AN,0,N,FALSE,FALSE,0,0,0
AO,0,N,FALSE,FALSE,0,0,0
AP,0,N,FALSE,FALSE,0,0,0
AQ,0,N,FALSE,FALSE,0,0,0
AR,0,N,FALSE,FALSE,0,0,0
AS,0,N,FALSE,FALSE,0,0,0
AT,0,N,FALSE,FALSE,0,0,0
AU,0,N,FALSE,FALSE,0,0,0
AV,0,N,FALSE,FALSE,0,0,0
AW,0,N,FALSE,FALSE,0,0,0
AX,0,N,FALSE,FALSE,0,0,0
AY,0,N,FALSE,FALSE,0,0,0
AZ,0,N,FALSE,FALSE,0,0,0
BA,0,N,FALSE,FALSE,0,0,0
BB,0,N,FALSE,FALSE,0,0,0
BC,0,N,FALSE,FALSE,0,0,0
BD,0,N,FALSE,FALSE,0,0,0
BE,0,N,FALSE,FALSE,0,0,0
BF,0,N,FALSE,FALSE,0,0,0
BG,0,N,FALSE,FALSE,0,0,0
BH,0,N,FALSE,FALSE,0,0,0
BI,0,N,FALSE,FALSE,0,0,0
BJ,0,N,FALSE,FALSE,0,0,0
BK,0,N,FALSE,FALSE,0,0,0
BL,0,N,FALSE,FALSE,0,0,0
A,1,N,FALSE,FALSE,0,0,0
B,1,N,FALSE,FALSE,0,0,0
C,1,N,FALSE,FALSE,0,0,0
D,1,N,FALSE,FALSE,0,0,0
E,1,N,FALSE,FALSE,0,0,0
F,1,N,FALSE,FALSE,0,0,0
G,1,N,FALSE,FALSE,0,0,0
H,1,N,FALSE,FALSE,0,0,0
I,1,N,FALSE,FALSE,0,0,0
J,1,N,FALSE,FALSE,0,0,0
K,1,N,FALSE,FALSE,0,0,0
L,1,N,FALSE,FALSE,0,0,0
M,1,N,FALSE,FALSE,0,0,0
N,1,N,FALSE,FALSE,0,0,0
O,1,N,FALSE,FALSE,0,0,0
P,1,N,FALSE,FALSE,0,0,0
Q,1,N,FALSE,FALSE,0,0,0
R,1,N,FALSE,FALSE,0,0,0
S,1,N,FALSE,FALSE,0,0,0
T,1,N,FALSE,FALSE,0,0,0
U,1,N,FALSE,FALSE,0,0,0
V,1,N,FALSE,FALSE,0,0,0
W,1,N,FALSE,FALSE,0,0,0
X,1,N,FALSE,FALSE,0,0,0
Y,1,N,FALSE,FALSE,0,0,0
Z,1,N,FALSE,FALSE,0,0,0
AA,1,N,FALSE,FALSE,0,0,0
AB,1,N,FALSE,FALSE,0,0,0
AC,1,N,FALSE,FALSE,0,0,0
AD,1,N,FALSE,FALSE,0,0,0
AE,1,N,FALSE,FALSE,0,0,0
AF,1,N,FALSE,FALSE,0,0,0
AG,1,N,FALSE,FALSE,0,0,0
AH,1,N,FALSE,FALSE,0,0,0
AI,1,N,FALSE,FALSE,0,0,0
AJ,1,N,FALSE,FALSE,0,0,0
AK,1,N,FALSE,FALSE,0,0,0
AL,1,N,FALSE,FALSE,0,0,0
AM,1,N,FALSE,FALSE,0,0,0
AN,1,N,FALSE,FALSE,0,0,0
AO,1,N,FALSE,FALSE,0,0,0
AP,1,N,FALSE,FALSE,0,0,0
AQ,1,N,FALSE,FALSE,0,0,0
AR,1,N,FALSE,FALSE,0,0,0
AS,1,N,FALSE,FALSE,0,0,0
AT,1,N,FALSE,FALSE,0,0,0
AU,1,N,FALSE,FALSE,0,0,0
AV,1,N,FALSE,FALSE,0,0,0
AW,1,N,FALSE,FALSE,0,0,0
AX,1,N,FALSE,FALSE,0,0,0
AY,1,N,FALSE,FALSE,0,0,0
AZ,1,N,FALSE,FALSE,0,0,0
BA,1,N,FALSE,FALSE,0,0,0
BB,1,N,FALSE,FALSE,0,0,0
BC,1,N,FALSE,FALSE,0,0,0
BD,1,N,FALSE,FALSE,0,0,0
BE,1,N,FALSE,FALSE,0,0,0
BF,1,N,FALSE,FALSE,0,0,0
BG,1,N,FALSE,FALSE,0,0,0
BH,1,N,FALSE,FALSE,0,0,0
BI,1,N,FALSE,FALSE,0,0,0
BJ,1,N,FALSE,FALSE,0,0,0
BK,1,N,FALSE,FALSE,0,0,0
BL,1,N,FALSE,FALSE,0,0,0
A,2,N,FALSE,FALSE,0,0,0
B,2,N,FALSE,FALSE,0,0,0
C,2,N,FALSE,FALSE,0,0,0
D,2,N,FALSE,FALSE,0,0,0
E,2,N,FALSE,FALSE,0,0,0
F,2,N,FALSE,FALSE,0,0,0
G,2,N,FALSE,FALSE,0,0,0
H,2,N,FALSE,FALSE,0,0,0
I,2,N,FALSE,FALSE,0,0,0
J,2,N,FALSE,FALSE,0,0,0
K,2,N,FALSE,FALSE,0,0,0
L,2,N,FALSE,FALSE,0,0,0
M,2,N,FALSE,FALSE,0,0,0
N,2,N,FALSE,FALSE,0,0,0
O,2,N,FALSE,FALSE,0,0,0
P,2,N,FALSE,FALSE,0,0,0
Q,2,N,FALSE,FALSE,0,0,0
R,2,N,FALSE,FALSE,0,0,0
S,2,N,FALSE,FALSE,0,0,0
T,2,N,FALSE,FALSE,0,0,0
U,2,N,FALSE,FALSE,0,0,0
V,2,N,FALSE,FALSE,0,0,0
W,2,N,FALSE,FALSE,0,0,0
X,2,N,FALSE,FALSE,0,0,0
Y,2,N,FALSE,FALSE,0,0,0
Z,2,N,FALSE,FALSE,0,0,0
AA,2,N,FALSE,FALSE,0,0,0
AB,2,N,FALSE,FALSE,0,0,0
AC,2,N,FALSE,FALSE,0,0,0
AD,2,N,FALSE,FALSE,0,0,0
AE,2,N,FALSE,FALSE,0,0,0
AF,2,N,FALSE,FALSE,0,0,0
AG,2,N,FALSE,FALSE,0,0,0
AH,2,N,FALSE,FALSE,0,0,0
AI,2,N,FALSE,FALSE,0,0,0
AJ,2,N,FALSE,FALSE,0,0,0
AK,2,N,FALSE,FALSE,0,0,0
AL,2,N,FALSE,FALSE,0,0,0
AM,2,N,FALSE,FALSE,0,0,0
AN,2,N,FALSE,FALSE,0,0,0
AO,2,N,FALSE,FALSE,0,0,0
AP,2,N,FALSE,FALSE,0,0,0
AQ,2,N,FALSE,FALSE,0,0,0
AR,2,N,FALSE,FALSE,0,0,0
AS,2,N,FALSE,FALSE,0,0,0
AT,2,N,FALSE,FALSE,0,0,0
AU,2,N,FALSE,FALSE,0,0,0
AV,2,N,FALSE,FALSE,0,0,0
AW,2,N,FALSE,FALSE,0,0,0
AX,2,N,FALSE,FALSE,0,0,0
AY,2,N,FALSE,FALSE,0,0,0
AZ,2,N,FALSE,FALSE,0,0,0
BA,2,N,FALSE,FALSE,0,0,0
BB,2,N,FALSE,FALSE,0,0,0
BC,2,N,FALSE,FALSE,0,0,0
BD,2,N,FALSE,FALSE,0,0,0
BE,2,N,FALSE,FALSE,0,0,0
BF,2,N,FALSE,FALSE,0,0,0
BG,2,N,FALSE,FALSE,0,0,0
BH,2,N,FALSE,FALSE,0,0,0
BI,2,N,FALSE,FALSE,0,0,0
BJ,2,N,FALSE,FALSE,0,0,0
BK,2,N,FALSE,FALSE,0,0,0
BL,2,N,FALSE,FALSE,0,0,0
A,3,N,FALSE,FALSE,0,0,0
B,3,N,FALSE,FALSE,0,0,0
C,3,N,FALSE,FALSE,0,0,0
D,3,N,FALSE,FALSE,0,0,0
E,3,N,FALSE,FALSE,0,0,0
F,3,N,FALSE,FALSE,0,0,0
G,3,N,FALSE,FALSE,0,0,0
H,3,N,FALSE,FALSE,0,0,0
I,3,N,FALSE,FALSE,0,0,0
J,3,N,FALSE,FALSE,0,0,0
K,3,N,FALSE,FALSE,0,0,0
L,3,N,FALSE,FALSE,0,0,0
M,3,N,FALSE,FALSE,0,0,0
N,3,N,FALSE,FALSE,0,0,0
O,3,N,FALSE,FALSE,0,0,0
P,3,N,FALSE,FALSE,0,0,0
Q,3,N,FALSE,FALSE,0,0,0
R,3,N,FALSE,FALSE,0,0,0
S,3,N,FALSE,FALSE,0,0,0
T,3,N,FALSE,FALSE,0,0,0
U,3,N,FALSE,FALSE,0,0,0
V,3,N,FALSE,FALSE,0,0,0
W,3,N,FALSE,FALSE,0,0,0
X,3,N,FALSE,FALSE,0,0,0
Y,3,N,FALSE,FALSE,0,0,0
Z,3,N,FALSE,FALSE,0,0,0
AA,3,N,FALSE,FALSE,0,0,0
AB,3,N,FALSE,FALSE,0,0,0
AC,3,N,FALSE,FALSE,0,0,0
AD,3,N,FALSE,FALSE,0,0,0
AE,3,N,FALSE,FALSE,0,0,0
AF,3,N,FALSE,FALSE,0,0,0
AG,3,N,FALSE,FALSE,0,0,0
AH,3,N,FALSE,FALSE,0,0,0
AI,3,N,FALSE,FALSE,0,0,0
AJ,3,N,FALSE,FALSE,0,0,0
AK,3,N,FALSE,FALSE,0,0,0
AL,3,N,FALSE,FALSE,0,0,0
AM,3,N,FALSE,FALSE,0,0,0
AN,3,N,FALSE,FALSE,0,0,0
AO,3,N,FALSE,FALSE,0,0,0
AP,3,N,FALSE,FALSE,0,0,0
AQ,3,N,FALSE,FALSE,0,0,0
AR,3,N,FALSE,FALSE,0,0,0
AS,3,N,FALSE,FALSE,0,0,0
AT,3,N,FALSE,FALSE,0,0,0
AU,3,N,FALSE,FALSE,0,0,0
AV,3,N,FALSE,FALSE,0,0,0
AW,3,N,FALSE,FALSE,0,0,0
AX,3,N,FALSE,FALSE,0,0,0
AY,3,N,FALSE,FALSE,0,0,0
AZ,3,N,FALSE,FALSE,0,0,0
BA,3,N,FALSE,FALSE,0,0,0
BB,3,N,FALSE,FALSE,0,0,0
BC,3,N,FALSE,FALSE,0,0,0
BD,3,N,FALSE,FALSE,0,0,0
BE,3,N,FALSE,FALSE,0,0,0
BF,3,N,FALSE,FALSE,0,0,0
BG,3,N,FALSE,FALSE,0,0,0
BH,3,N,FALSE,FALSE,0,0,0
BI,3,N,FALSE,FALSE,0,0,0
BJ,3,N,FALSE,FALSE,0,0,0
BK,3,N,FALSE,FALSE,0,0,0
BL,3,N,FALSE,FALSE,0,0,0
A,4,N,FALSE,FALSE,0,0,0
B,4,N,FALSE,FALSE,0,0,0
C,4,N,FALSE,FALSE,0,0,0
D,4,N,FALSE,FALSE,0,0,0
E,4,N,FALSE,FALSE,0,0,0
F,4,N,FALSE,FALSE,0,0,0
G,4,N,FALSE,FALSE,0,0,0
H,4,N,FALSE,FALSE,0,0,0
I,4,N,FALSE,FALSE,0,0,0
J,4,N,FALSE,FALSE,0,0,0
K,4,N,FALSE,FALSE,0,0,0
L,4,N,FALSE,FALSE,0,0,0
M,4,N,FALSE,FALSE,0,0,0
N,4,N,FALSE,FALSE,0,0,0
O,4,N,FALSE,FALSE,0,0,0
P,4,N,FALSE,FALSE,0,0,0
Q,4,N,FALSE,FALSE,0,0,0
R,4,N,FALSE,FALSE,0,0,0
S,4,N,FALSE,FALSE,0,0,0
T,4,N,FALSE,FALSE,0,0,0
U,4,N,FALSE,FALSE,0,0,0
V,4,N,FALSE,FALSE,0,0,0
W,4,N,FALSE,FALSE,0,0,0
X,4,N,FALSE,FALSE,0,0,0
Y,4,N,FALSE,FALSE,0,0,0
Z,4,N,FALSE,FALSE,0,0,0
AA,4,N,FALSE,FALSE,0,0,0
AB,4,N,FALSE,FALSE,0,0,0
AC,4,N,FALSE,FALSE,0,0,0
AD,4,N,FALSE,FALSE,0,0,0
AE,4,N,FALSE,FALSE,0,0,0
AF,4,N,FALSE,FALSE,0,0,0
AG,4,N,FALSE,FALSE,0,0,0
AH,4,N,FALSE,FALSE,0,0,0
AI,4,N,FALSE,FALSE,0,0,0
AJ,4,N,FALSE,FALSE,0,0,0
AK,4,N,FALSE,FALSE,0,0,0
AL,4,N,FALSE,FALSE,0,0,0
AM,4,N,FALSE,FALSE,0,0,0
AN,4,N,FALSE,FALSE,0,0,0
AO,4,N,FALSE,FALSE,0,0,0
AP,4,N,FALSE,FALSE,0,0,0
AQ,4,N,FALSE,FALSE,0,0,0
AR,4,N,FALSE,FALSE,0,0,0
AS,4,N,FALSE,FALSE,0,0,0
AT,4,N,FALSE,FALSE,0,0,0
AU,4,N,FALSE,FALSE,0,0,0
AV,4,N,FALSE,FALSE,0,0,0
AW,4,N,FALSE,FALSE,0,0,0
AX,4,N,FALSE,FALSE,0,0,0
AY,4,N,FALSE,FALSE,0,0,0
AZ,4,N,FALSE,FALSE,0,0,0
BA,4,N,FALSE,FALSE,0,0,0
BB,4,N,FALSE,FALSE,0,0,0
BC,4,N,FALSE,FALSE,0,0,0
BD,4,N,FALSE,FALSE,0,0,0
BE,4,N,FALSE,FALSE,0,0,0
BF,4,N,FALSE,FALSE,0,0,0
BG,4,N,FALSE,FALSE,0,0,0
BH,4,N,FALSE,FALSE,0,0,0
BI,4,N,FALSE,FALSE,0,0,0
BJ,4,N,FALSE,FALSE,0,0,0
BK,4,N,FALSE,FALSE,0,0,0
BL,4,N,FALSE,FALSE,0,0,0
A,5,N,FALSE,FALSE,0,0,0
B,5,N,FALSE,FALSE,0,0,0
C,5,N,FALSE,FALSE,0,0,0
D,5,N,FALSE,FALSE,0,0,0
E,5,N,FALSE,FALSE,0,0,0
F,5,N,FALSE,FALSE,0,0,0
G,5,N,FALSE,FALSE,0,0,0
H,5,N,FALSE,FALSE,0,0,0
I,5,N,FALSE,FALSE,0,0,0
J,5,N,FALSE,FALSE,0,0,0
K,5,N,FALSE,FALSE,0,0,0
L,5,N,FALSE,FALSE,0,0,0
M,5,N,FALSE,FALSE,0,0,0
N,5,N,FALSE,FALSE,0,0,0
O,5,N,FALSE,FALSE,0,0,0
P,5,N,FALSE,FALSE,0,0,0
Q,5,N,FALSE,FALSE,0,0,0
R,5,N,FALSE,FALSE,0,0,0
S,5,N,FALSE,FALSE,0,0,0
T,5,N,FALSE,FALSE,0,0,0
U,5,N,FALSE,FALSE,0,0,0
V,5,N,FALSE,FALSE,0,0,0
W,5,N,FALSE,FALSE,0,0,0
X,5,N,FALSE,FALSE,0,0,0
Y,5,N,FALSE,FALSE,0,0,0
Z,5,N,FALSE,FALSE,0,0,0
AA,5,N,FALSE,FALSE,0,0,0
AB,5,N,FALSE,FALSE,0,0,0
AC,5,N,FALSE,FALSE,0,0,0
AD,5,N,FALSE,FALSE,0,0,0
AE,5,N,FALSE,FALSE,0,0,0
AF,5,N,FALSE,FALSE,0,0,0
AG,5,N,FALSE,FALSE,0,0,0
AH,5,N,FALSE,FALSE,0,0,0
AI,5,N,FALSE,FALSE,0,0,0
AJ,5,N,FALSE,FALSE,0,0,0
AK,5,N,FALSE,FALSE,0,0,0
AL,5,N,FALSE,FALSE,0,0,0
AM,5,N,FALSE,FALSE,0,0,0
AN,5,N,FALSE,FALSE,0,0,0
AO,5,N,FALSE,FALSE,0,0,0
AP,5,N,FALSE,FALSE,0,0,0
AQ,5,N,FALSE,FALSE,0,0,0
AR,5,N,FALSE,FALSE,0,0,0
AS,5,N,FALSE,FALSE,0,0,0
AT,5,N,FALSE,FALSE,0,0,0
AU,5,N,FALSE,FALSE,0,0,0
AV,5,N,FALSE,FALSE,0,0,0
AW,5,N,FALSE,FALSE,0,0,0
AX,5,N,FALSE,FALSE,0,0,0
AY,5,N,FALSE,FALSE,0,0,0
AZ,5,N,FALSE,FALSE,0,0,0
BA,5,N,FALSE,FALSE,0,0,0
BB,5,N,FALSE,FALSE,0,0,0
BC,5,N,FALSE,FALSE,0,0,0
BD,5,N,FALSE,FALSE,0,0,0
BE,5,N,FALSE,FALSE,0,0,0
BF,5,N,FALSE,FALSE,0,0,0
BG,5,N,FALSE,FALSE,0,0,0
BH,5,N,FALSE,FALSE,0,0,0
BI,5,N,FALSE,FALSE,0,0,0
BJ,5,N,FALSE,FALSE,0,0,0
BK,5,N,FALSE,FALSE,0,0,0
BL,5,N,FALSE,FALSE,0,0,0
A,6,N,FALSE,FALSE,0,0,0
B,6,N,FALSE,FALSE,0,0,0
C,6,N,FALSE,FALSE,0,0,0
D,6,N,FALSE,FALSE,0,0,0
E,6,N,FALSE,FALSE,0,0,0
F,6,N,FALSE,FALSE,0,0,0
G,6,N,FALSE,FALSE,0,0,0
H,6,N,FALSE,FALSE,0,0,0
I,6,N,FALSE,FALSE,0,0,0
J,6,N,FALSE,FALSE,0,0,0
K,6,N,FALSE,FALSE,0,0,0
L,6,N,FALSE,FALSE,0,0,0
M,6,N,FALSE,FALSE,0,0,0
N,6,N,FALSE,FALSE,0,0,0
O,6,N,FALSE,FALSE,0,0,0
P,6,N,FALSE,FALSE,0,0,0
Q,6,N,FALSE,FALSE,0,0,0
R,6,N,FALSE,FALSE,0,0,0
S,6,N,FALSE,FALSE,0,0,0
T,6,N,FALSE,FALSE,0,0,0
U,6,N,FALSE,FALSE,0,0,0
V,6,N,FALSE,FALSE,0,0,0
W,6,N,FALSE,FALSE,0,0,0
X,6,N,FALSE,FALSE,0,0,0
Y,6,N,FALSE,FALSE,0,0,0
Z,6,N,FALSE,FALSE,0,0,0
AA,6,N,FALSE,FALSE,0,0,0
AB,6,N,FALSE,FALSE,0,0,0
AC,6,N,FALSE,FALSE,0,0,0
AD,6,N,FALSE,FALSE,0,0,0
AE,6,N,FALSE,FALSE,0,0,0
AF,6,N,FALSE,FALSE,0,0,0
AG,6,N,FALSE,FALSE,0,0,0
AH,6,N,FALSE,FALSE,0,0,0
AI,6,N,FALSE,FALSE,0,0,0
AJ,6,N,FALSE,FALSE,0,0,0
AK,6,N,FALSE,FALSE,0,0,0
AL,6,N,FALSE,FALSE,0,0,0
AM,6,N,FALSE,FALSE,0,0,0
AN,6,N,FALSE,FALSE,0,0,0
AO,6,N,FALSE,FALSE,0,0,0
AP,6,N,FALSE,FALSE,0,0,0
AQ,6,N,FALSE,FALSE,0,0,0
AR,6,N,FALSE,FALSE,0,0,0
AS,6,N,FALSE,FALSE,0,0,0
AT,6,N,FALSE,FALSE,0,0,0
AU,6,N,FALSE,FALSE,0,0,0
AV,6,N,FALSE,FALSE,0,0,0
AW,6,N,FALSE,FALSE,0,0,0
AX,6,N,FALSE,FALSE,0,0,0
AY,6,N,FALSE,FALSE,0,0,0
AZ,6,N,FALSE,FALSE,0,0,0
BA,6,N,FALSE,FALSE,0,0,0
BB,6,N,FALSE,FALSE,0,0,0
BC,6,N,FALSE,FALSE,0,0,0
BD,6,N,FALSE,FALSE,0,0,0
BE,6,N,FALSE,FALSE,0,0,0
BF,6,N,FALSE,FALSE,0,0,0
BG,6,N,FALSE,FALSE,0,0,0
BH,6,N,FALSE,FALSE,0,0,0
BI,6,N,FALSE,FALSE,0,0,0
BJ,6,N,FALSE,FALSE,0,0,0
BK,6,N,FALSE,FALSE,0,0,0
BL,6,N,FALSE,FALSE,0,0,0
A,7,N,FALSE,FALSE,0,0,0
B,7,N,FALSE,FALSE,0,0,0
C,7,N,FALSE,FALSE,0,0,0
D,7,N,FALSE,FALSE,0,0,0
E,7,N,FALSE,FALSE,0,0,0
F,7,N,FALSE,FALSE,0,0,0
G,7,N,FALSE,FALSE,0,0,0
H,7,N,FALSE,FALSE,0,0,0
I,7,N,FALSE,FALSE,0,0,0
J,7,N,FALSE,FALSE,0,0,0
K,7,N,FALSE,FALSE,0,0,0
L,7,N,FALSE,FALSE,0,0,0
M,7,N,FALSE,FALSE,0,0,0
N,7,N,FALSE,FALSE,0,0,0
O,7,N,FALSE,FALSE,0,0,0
P,7,N,FALSE,FALSE,0,0,0
Q,7,N,FALSE,FALSE,0,0,0
R,7,N,FALSE,FALSE,0,0,0
S,7,N,FALSE,FALSE,0,0,0
T,7,N,FALSE,FALSE,0,0,0
U,7,N,FALSE,FALSE,0,0,0
V,7,N,FALSE,FALSE,0,0,0
W,7,N,FALSE,FALSE,0,0,0
X,7,N,FALSE,FALSE,0,0,0
Y,7,N,FALSE,FALSE,0,0,0
Z,7,N,FALSE,FALSE,0,0,0
AA,7,N,FALSE,FALSE,0,0,0
AB,7,N,FALSE,FALSE,0,0,0
AC,7,N,FALSE,FALSE,0,0,0
AD,7,N,FALSE,FALSE,0,0,0
AE,7,N,FALSE,FALSE,0,0,0
AF,7,N,FALSE,FALSE,0,0,0
AG,7,N,FALSE,FALSE,0,0,0
AH,7,N,FALSE,FALSE,0,0,0
AI,7,N,FALSE,FALSE,0,0,0
AJ,7,N,FALSE,FALSE,0,0,0
AK,7,N,FALSE,FALSE,0,0,0
AL,7,N,FALSE,FALSE,0,0,0
AM,7,N,FALSE,FALSE,0,0,0
AN,7,N,FALSE,FALSE,0,0,0
AO,7,N,FALSE,FALSE,0,0,0
AP,7,N,FALSE,FALSE,0,0,0
AQ,7,N,FALSE,FALSE,0,0,0
AR,7,N,FALSE,FALSE,0,0,0
AS,7,N,FALSE,FALSE,0,0,0
AT,7,N,FALSE,FALSE,0,0,0
AU,7,N,FALSE,FALSE,0,0,0
AV,7,N,FALSE,FALSE,0,0,0
AW,7,N,FALSE,FALSE,0,0,0
AX,7,N,FALSE,FALSE,0,0,0
AY,7,N,FALSE,FALSE,0,0,0
AZ,7,N,FALSE,FALSE,0,0,0
BA,7,N,FALSE,FALSE,0,0,0
BB,7,N,FALSE,FALSE,0,0,0
BC,7,N,FALSE,FALSE,0,0,0
BD,7,N,FALSE,FALSE,0,0,0
BE,7,N,FALSE,FALSE,0,0,0
BF,7,N,FALSE,FALSE,0,0,0
BG,7,N,FALSE,FALSE,0,0,0
BH,7,N,FALSE,FALSE,0,0,0
BI,7,N,FALSE,FALSE,0,0,0
BJ,7,N,FALSE,FALSE,0,0,0
BK,7,N,FALSE,FALSE,0,0,0
BL,7,N,FALSE,FALSE,0,0,0
A,8,N,FALSE,FALSE,0,0,0
B,8,N,FALSE,FALSE,0,0,0
C,8,N,FALSE,FALSE,0,0,0
D,8,N,FALSE,FALSE,0,0,0
E,8,N,FALSE,FALSE,0,0,0
F,8,N,FALSE,FALSE,0,0,0
G,8,N,FALSE,FALSE,0,0,0
H,8,N,FALSE,FALSE,0,0,0
I,8,N,FALSE,FALSE,0,0,0
J,8,N,FALSE,FALSE,0,0,0
K,8,N,FALSE,FALSE,0,0,0
L,8,N,FALSE,FALSE,0,0,0
M,8,N,FALSE,FALSE,0,0,0
N,8,N,FALSE,FALSE,0,0,0
O,8,N,FALSE,FALSE,0,0,0
P,8,N,FALSE,FALSE,0,0,0
Q,8,N,FALSE,FALSE,0,0,0
R,8,N,FALSE,FALSE,0,0,0
S,8,N,FALSE,FALSE,0,0,0
T,8,N,FALSE,FALSE,0,0,0
U,8,N,FALSE,FALSE,0,0,0
V,8,N,FALSE,FALSE,0,0,0
W,8,N,FALSE,FALSE,0,0,0
X,8,N,FALSE,FALSE,0,0,0
Y,8,N,FALSE,FALSE,0,0,0
Z,8,N,FALSE,FALSE,0,0,0
AA,8,N,FALSE,FALSE,0,0,0
AB,8,N,FALSE,FALSE,0,0,0
AC,8,N,FALSE,FALSE,0,0,0
AD,8,N,FALSE,FALSE,0,0,0
AE,8,N,FALSE,FALSE,0,0,0
AF,8,N,FALSE,FALSE,0,0,0
AG,8,N,FALSE,FALSE,0,0,0
AH,8,N,FALSE,FALSE,0,0,0
AI,8,N,FALSE,FALSE,0,0,0
AJ,8,N,FALSE,FALSE,0,0,0
AK,8,N,FALSE,FALSE,0,0,0
AL,8,N,FALSE,FALSE,0,0,0
AM,8,N,FALSE,FALSE,0,0,0
AN,8,N,FALSE,FALSE,0,0,0
AO,8,N,FALSE,FALSE,0,0,0
AP,8,N,FALSE,FALSE,0,0,0
AQ,8,N,FALSE,FALSE,0,0,0
AR,8,N,FALSE,FALSE,0,0,0
AS,8,N,FALSE,FALSE,0,0,0
AT,8,N,FALSE,TRUE,0,0,0
AU,8,N,FALSE,FALSE,0,0,0
AV,8,N,FALSE,FALSE,0,0,0
AW,8,N,FALSE,FALSE,0,0,0
AX,8,N,FALSE,FALSE,0,0,0
AY,8,N,FALSE,FALSE,0,0,0
AZ,8,N,FALSE,FALSE,0,0,0
BA,8,N,FALSE,FALSE,0,0,0
BB,8,N,FALSE,FALSE,0,0,0
BC,8,N,FALSE,FALSE,0,0,0
BD,8,N,FALSE,FALSE,0,0,0
BE,8,N,FALSE,FALSE,0,0,0
BF,8,N,FALSE,FALSE,0,0,0
BG,8,N,FALSE,FALSE,0,0,0
BH,8,N,FALSE,FALSE,0,0,0
BI,8,N,FALSE,FALSE,0,0,0
BJ,8,N,FALSE,FALSE,0,0,0
BK,8,N,FALSE,FALSE,0,0,0
BL,8,N,FALSE,FALSE,0,0,0
A,9,N,FALSE,FALSE,0,0,0
B,9,N,FALSE,FALSE,0,0,0
C,9,N,FALSE,FALSE,0,0,0
D,9,N,FALSE,FALSE,0,0,0
E,9,N,FALSE,FALSE,0,0,0
F,9,N,FALSE,FALSE,0,0,0
G,9,N,FALSE,FALSE,0,0,0
H,9,N,FALSE,FALSE,0,0,0
I,9,N,FALSE,FALSE,0,0,0
J,9,N,FALSE,FALSE,0,0,0
K,9,N,FALSE,FALSE,0,0,0
L,9,N,FALSE,FALSE,0,0,0
M,9,N,FALSE,FALSE,0,0,0
N,9,N,FALSE,FALSE,0,0,0
O,9,N,FALSE,FALSE,0,0,0
P,9,N,FALSE,FALSE,0,0,0
Q,9,N,FALSE,FALSE,0,0,0
R,9,N,FALSE,FALSE,0,0,0
S,9,N,FALSE,FALSE,0,0,0
T,9,N,FALSE,FALSE,0,0,0
U,9,N,FALSE,FALSE,0,0,0
V,9,N,FALSE,FALSE,0,0,0
W,9,N,FALSE,FALSE,0,0,0
X,9,N,FALSE,FALSE,0,0,0
Y,9,N,FALSE,FALSE,0,0,0
Z,9,N,FALSE,FALSE,0,0,0
AA,9,N,FALSE,FALSE,0,0,0
AB,9,N,FALSE,FALSE,0,0,0
AC,9,N,FALSE,FALSE,0,0,0
AD,9,N,FALSE,FALSE,0,0,0
AE,9,N,FALSE,FALSE,0,0,0
AF,9,N,FALSE,FALSE,0,0,0
AG,9,N,FALSE,FALSE,0,0,0
AH,9,N,FALSE,FALSE,0,0,0
AI,9,N,FALSE,FALSE,0,0,0
AJ,9,N,FALSE,FALSE,0,0,0
AK,9,N,FALSE,FALSE,0,0,0
AL,9,N,FALSE,FALSE,0,0,0
AM,9,N,FALSE,FALSE,0,0,0
AN,9,N,FALSE,FALSE,0,0,0
AO,9,N,FALSE,FALSE,0,0,0
AP,9,N,FALSE,FALSE,0,0,0
AQ,9,N,FALSE,FALSE,0,0,0
AR,9,N,FALSE,FALSE,0,0,0
AS,9,N,FALSE,FALSE,0,0,0
AT,9,N,FALSE,FALSE,0,0,0
AU,9,N,FALSE,FALSE,0,0,0
AV,9,N,FALSE,FALSE,0,0,0
AW,9,N,FALSE,FALSE,0,0,0
AX,9,N,FALSE,FALSE,0,0,0
AY,9,N,FALSE,FALSE,0,0,0
AZ,9,N,FALSE,FALSE,0,0,0
BA,9,N,FALSE,FALSE,0,0,0
BB,9,N,FALSE,FALSE,0,0,0
BC,9,N,FALSE,FALSE,0,0,0
BD,9,N,FALSE,FALSE,0,0,0
BE,9,N,FALSE,FALSE,0,0,0
BF,9,N,FALSE,FALSE,0,0,0
BG,9,N,FALSE,FALSE,0,0,0
BH,9,N,FALSE,FALSE,0,0,0
BI,9,N,FALSE,FALSE,0,0,0
BJ,9,N,FALSE,FALSE,0,0,0
BK,9,N,FALSE,FALSE,0,0,0
BL,9,N,FALSE,FALSE,0,0,0
A,10,N,FALSE,FALSE,0,0,0
B,10,N,FALSE,FALSE,0,0,0
C,10,N,FALSE,FALSE,0,0,0
D,10,N,FALSE,FALSE,0,0,0
E,10,N,FALSE,FALSE,0,0,0
F,10,N,FALSE,FALSE,0,0,0
G,10,N,FALSE,FALSE,0,0,0
H,10,N,FALSE,FALSE,0,0,0
I,10,N,FALSE,FALSE,0,0,0
J,10,N,FALSE,FALSE,0,0,0
K,10,N,FALSE,FALSE,0,0,0
L,10,N,FALSE,FALSE,0,0,0
M,10,N,FALSE,FALSE,0,0,0
N,10,N,FALSE,FALSE,0,0,0
O,10,N,FALSE,FALSE,0,0,0
P,10,N,FALSE,FALSE,0,0,0
Q,10,N,FALSE,FALSE,0,0,0
R,10,N,FALSE,FALSE,0,0,0
S,10,N,FALSE,FALSE,0,0,0
T,10,N,FALSE,FALSE,0,0,0
U,10,N,FALSE,FALSE,0,0,0
V,10,N,FALSE,FALSE,0,0,0
W,10,N,FALSE,FALSE,0,0,0
X,10,N,FALSE,FALSE,0,0,0
Y,10,N,FALSE,FALSE,0,0,0
Z,10,N,FALSE,FALSE,0,0,0
AA,10,N,FALSE,FALSE,0,0,0
AB,10,N,FALSE,FALSE,0,0,0
AC,10,N,FALSE,FALSE,0,0,0
AD,10,N,FALSE,FALSE,0,0,0
AE,10,N,TRUE,FALSE,0,0,0
AF,10,N,FALSE,FALSE,0,0,0
AG,10,N,FALSE,FALSE,0,0,0
AH,10,N,FALSE,FALSE,0,0,0
AI,10,N,FALSE,FALSE,0,0,0
AJ,10,N,FALSE,FALSE,0,0,0
AK,10,N,FALSE,FALSE,0,0,0
AL,10,N,FALSE,FALSE,0,0,0
AM,10,N,FALSE,FALSE,0,0,0
AN,10,N,FALSE,FALSE,0,0,0
AO,10,P,FALSE,FALSE,0,0,0
AP,10,N,FALSE,FALSE,0,0,0
AQ,10,N,FALSE,FALSE,0,0,0
AR,10,N,FALSE,FALSE,0,0,0
AS,10,N,FALSE,FALSE,0,0,0
AT,10,N,FALSE,FALSE,0,0,0
AU,10,N,FALSE,FALSE,0,0,0
AV,10,N,FALSE,FALSE,0,0,0
AW,10,N,FALSE,FALSE,0,0,0
AX,10,N,FALSE,FALSE,0,0,0
AY,10,N,FALSE,FALSE,0,0,0
AZ,10,N,FALSE,FALSE,0,0,0
BA,10,N,FALSE,FALSE,0,0,0
BB,10,N,FALSE,FALSE,0,0,0
BC,10,N,FALSE,FALSE,0,0,0
BD,10,N,FALSE,FALSE,0,0,0
BE,10,N,FALSE,FALSE,0,0,0
BF,10,N,FALSE,FALSE,0,0,0
BG,10,N,FALSE,FALSE,0,0,0
BH,10,N,FALSE,FALSE,0,0,0
BI,10,N,FALSE,FALSE,0,0,0
BJ,10,N,FALSE,FALSE,0,0,0
BK,10,N,FALSE,FALSE,0,0,0
BL,10,N,FALSE,FALSE,0,0,0
A,11,N,FALSE,FALSE,0,0,0
B,11,N,FALSE,FALSE,0,0,0
C,11,N,FALSE,FALSE,0,0,0
D,11,N,FALSE,FALSE,0,0,0
E,11,N,FALSE,FALSE,0,0,0
F,11,N,FALSE,FALSE,0,0,0
G,11,N,FALSE,FALSE,0,0,0
H,11,N,FALSE,FALSE,0,0,0
I,11,N,FALSE,FALSE,0,0,0
J,11,N,FALSE,FALSE,0,0,0
K,11,N,FALSE,FALSE,0,0,0
L,11,N,FALSE,FALSE,0,0,0
M,11,N,FALSE,FALSE,0,0,0
N,11,N,FALSE,FALSE,0,0,0
O,11,N,FALSE,FALSE,0,0,0
P,11,N,FALSE,FALSE,0,0,0
Q,11,N,FALSE,FALSE,0,0,0
R,11,N,FALSE,FALSE,0,0,0
S,11,N,FALSE,FALSE,0,0,0
T,11,N,FALSE,FALSE,0,0,0
U,11,N,FALSE,FALSE,0,0,0
V,11,N,FALSE,FALSE,0,0,0
W,11,N,FALSE,FALSE,0,0,0
X,11,N,FALSE,FALSE,0,0,0
Y,11,N,FALSE,FALSE,0,0,0
Z,11,N,FALSE,FALSE,0,0,0
AA,11,N,FALSE,FALSE,0,0,0
AB,11,N,FALSE,FALSE,0,0,0
AC,11,N,FALSE,FALSE,0,0,0
AD,11,N,FALSE,FALSE,0,0,0
AE,11,N,FALSE,FALSE,0,0,0
AF,11,N,FALSE,FALSE,0,0,0
AG,11,N,FALSE,FALSE,0,0,0
AH,11,N,FALSE,FALSE,0,0,0
AI,11,N,FALSE,FALSE,0,0,0
AJ,11,N,FALSE,FALSE,0,0,0
AK,11,N,FALSE,FALSE,0,0,0
AL,11,N,FALSE,FALSE,0,0,0
AM,11,N,FALSE,FALSE,0,0,0
AN,11,N,FALSE,FALSE,0,0,0
AO,11,N,FALSE,FALSE,0,0,0
AP,11,N,FALSE,FALSE,0,0,0
AQ,11,N,FALSE,FALSE,0,0,0
AR,11,N,FALSE,FALSE,0,0,0
AS,11,N,FALSE,FALSE,0,0,0
AT,11,N,FALSE,FALSE,0,0,0
AU,11,N,FALSE,FALSE,0,0,0
AV,11,N,FALSE,FALSE,0,0,0
AW,11,N,FALSE,FALSE,0,0,0
AX,11,N,FALSE,FALSE,0,0,0
AY,11,N,FALSE,FALSE,0,0,0
AZ,11,N,FALSE,FALSE,0,0,0
BA,11,N,FALSE,FALSE,0,0,0
BB,11,N,FALSE,FALSE,0,0,0
BC,11,N,FALSE,FALSE,0,0,0
BD,11,N,FALSE,FALSE,0,0,0
BE,11,N,FALSE,FALSE,0,0,0
BF,11,N,FALSE,FALSE,0,0,0
BG,11,N,FALSE,FALSE,0,0,0
BH,11,N,FALSE,FALSE,0,0,0
BI,11,N,FALSE,FALSE,0,0,0
BJ,11,N,FALSE,FALSE,0,0,0
BK,11,N,FALSE,FALSE,0,0,0
BL,11,N,FALSE,FALSE,0,0,0
A,12,N,FALSE,FALSE,0,0,0
B,12,N,FALSE,FALSE,0,0,0
C,12,N,FALSE,FALSE,0,0,0
D,12,N,FALSE,FALSE,0,0,0
E,12,N,FALSE,FALSE,0,0,0
F,12,N,FALSE,FALSE,0,0,0
G,12,N,FALSE,FALSE,0,0,0
H,12,N,FALSE,FALSE,0,0,0
I,12,N,FALSE,FALSE,0,0,0
J,12,N,FALSE,FALSE,0,0,0
K,12,N,FALSE,FALSE,0,0,0
L,12,N,FALSE,FALSE,0,0,0
M,12,N,FALSE,FALSE,0,0,0
N,12,N,FALSE,FALSE,0,0,0
O,12,N,FALSE,FALSE,0,0,0
P,12,N,FALSE,FALSE,0,0,0
Q,12,N,FALSE,FALSE,0,0,0
R,12,N,FALSE,FALSE,0,0,0
S,12,N,FALSE,FALSE,0,0,0
T,12,N,FALSE,FALSE,0,0,0
U,12,N,FALSE,FALSE,0,0,0
V,12,N,FALSE,FALSE,0,0,0
W,12,N,FALSE,FALSE,0,0,0
X,12,N,FALSE,FALSE,0,0,0
Y,12,N,FALSE,FALSE,0,0,0
Z,12,N,FALSE,FALSE,0,0,0
AA,12,N,FALSE,FALSE,0,0,0
AB,12,S,FALSE,FALSE,0,0,0
AC,12,N,FALSE,FALSE,0,0,0
AD,12,N,FALSE,FALSE,0,0,0
AE,12,N,FALSE,FALSE,0,0,0
AF,12,N,FALSE,FALSE,0,0,0
AG,12,N,FALSE,FALSE,0,0,0
AH,12,N,FALSE,FALSE,0,0,0
AI,12,N,FALSE,FALSE,0,0,0
AJ,12,N,FALSE,FALSE,0,0,0
AK,12,N,FALSE,FALSE,0,0,0
AL,12,N,FALSE,FALSE,0,0,0
AM,12,N,FALSE,FALSE,0,0,0
AN,12,N,FALSE,FALSE,0,0,0
AO,12,N,FALSE,FALSE,0,0,0
AP,12,N,FALSE,FALSE,0,0,0
AQ,12,N,FALSE,FALSE,0,0,0
AR,12,N,FALSE,FALSE,0,0,0
AS,12,N,FALSE,FALSE,0,0,0
AT,12,N,FALSE,FALSE,0,0,0
AU,12,N,FALSE,FALSE,0,0,0
AV,12,N,FALSE,FALSE,0,0,0
AW,12,N,FALSE,FALSE,0,0,0
AX,12,N,FALSE,FALSE,0,0,0
AY,12,N,FALSE,FALSE,0,0,0
AZ,12,N,FALSE,FALSE,0,0,0
BA,12,N,FALSE,FALSE,0,0,0
BB,12,N,FALSE,FALSE,0,0,0
BC,12,N,FALSE,FALSE,0,0,0
BD,12,N,FALSE,FALSE,0,0,0
BE,12,N,FALSE,FALSE,0,0,0
BF,12,N,FALSE,FALSE,0,0,0
BG,12,N,FALSE,FALSE,0,0,0
BH,12,N,FALSE,FALSE,0,0,0
BI,12,N,FALSE,FALSE,0,0,0
BJ,12,N,FALSE,FALSE,0,0,0
BK,12,N,FALSE,FALSE,0,0,0
BL,12,N,FALSE,FALSE,0,0,0
A,13,N,FALSE,FALSE,0,0,0
B,13,N,FALSE,FALSE,0,0,0
C,13,N,FALSE,FALSE,0,0,0
D,13,N,FALSE,FALSE,0,0,0
E,13,N,FALSE,FALSE,0,0,0
F,13,N,FALSE,FALSE,0,0,0
G,13,N,FALSE,FALSE,0,0,0
H,13,N,FALSE,FALSE,0,0,0
I,13,N,FALSE,FALSE,0,0,0
J,13,N,FALSE,FALSE,0,0,0
K,13,N,FALSE,FALSE,0,0,0
L,13,N,FALSE,FALSE,0,0,0
M,13,N,FALSE,FALSE,0,0,0
N,13,N,FALSE,FALSE,0,1,Kiln,10.11,456,0
O,13,N,FALSE,FALSE,0,0,0
P,13,N,FALSE,FALSE,0,0,0
Q,13,N,FALSE,FALSE,0,0,0
R,13,N,FALSE,FALSE,0,0,0
S,13,N,FALSE,FALSE,0,0,0
T,13,N,FALSE,FALSE,0,0,0
U,13,N,FALSE,FALSE,0,0,0
V,13,N,FALSE,FALSE,0,0,0
W,13,N,FALSE,FALSE,0,0,0
X,13,N,FALSE,FALSE,0,0,0
Y,13,N,FALSE,FALSE,0,0,0
Z,13,N,FALSE,FALSE,0,0,0
AA,13,N,FALSE,FALSE,0,0,0
AB,13,N,FALSE,FALSE,0,0,0
AC,13,N,FALSE,FALSE,0,0,0
AD,13,N,FALSE,FALSE,0,0,0
AE,13,N,FALSE,FALSE,0,0,0
AF,13,N,FALSE,FALSE,0,0,0
AG,13,N,FALSE,FALSE,0,0,0
AH,13,N,FALSE,FALSE,0,0,0
AI,13,N,FALSE,FALSE,0,0,0
AJ,13,N,FALSE,FALSE,0,0,0
AK,13,N,FALSE,FALSE,0,0,0
AL,13,N,FALSE,FALSE,0,0,0
AM,13,N,FALSE,FALSE,0,0,0
AN,13,N,FALSE,FALSE,0,0,0
AO,13,N,FALSE,FALSE,0,0,0
AP,13,N,FALSE,FALSE,0,0,0
AQ,13,N,FALSE,FALSE,0,0,0
AR,13,N,FALSE,FALSE,0,0,0
AS,13,N,TRUE,FALSE,0,0,0
AT,13,N,FALSE,FALSE,0,0,0
AU,13,N,FALSE,FALSE,0,0,0
AV,13,N,FALSE,FALSE,0,0,0
AW,13,N,FALSE,FALSE,0,0,0
AX,13,N,FALSE,FALSE,0,0,0
AY,13,N,FALSE,FALSE,0,0,0
AZ,13,N,FALSE,FALSE,0,0,0
BA,13,N,FALSE,FALSE,0,0,0
BB,13,N,FALSE,FALSE,0,0,0
BC,13,N,FALSE,FALSE,0,0,0
BD,13,N,FALSE,FALSE,0,0,0
BE,13,N,FALSE,FALSE,0,0,0
BF,13,N,FALSE,FALSE,0,0,0
BG,13,N,FALSE,FALSE,0,0,0
BH,13,N,FALSE,FALSE,0,0,0
BI,13,N,FALSE,FALSE,0,0,0
BJ,13,N,FALSE,FALSE,0,0,0
BK,13,N,FALSE,FALSE,0,0,0
BL,13,N,FALSE,FALSE,0,0,0
A,14,N,FALSE,FALSE,0,0,0
B,14,N,FALSE,FALSE,0,0,0
C,14,N,FALSE,FALSE,0,0,0
D,14,N,FALSE,FALSE,0,0,0
E,14,N,FALSE,FALSE,0,0,0
F,14,N,FALSE,FALSE,0,0,0
G,14,N,FALSE,FALSE,0,0,0
H,14,N,FALSE,FALSE,0,0,0
I,14,N,FALSE,FALSE,0,0,0
J,14,N,FALSE,FALSE,0,0,0
K,14,N,FALSE,FALSE,0,0,0
L,14,N,FALSE,FALSE,0,0,0
M,14,N,FALSE,FALSE,0,0,0
N,14,N,FALSE,FALSE,0,0,0
O,14,N,FALSE,FALSE,0,0,0
P,14,N,FALSE,FALSE,0,0,0
Q,14,N,FALSE,FALSE,0,0,0
R,14,N,FALSE,FALSE,0,0,0
S,14,N,FALSE,FALSE,0,0,0
T,14,N,FALSE,FALSE,0,0,0
U,14,N,FALSE,FALSE,0,0,0
V,14,N,FALSE,FALSE,0,0,0
W,14,N,FALSE,FALSE,0,0,0
X,14,N,FALSE,FALSE,0,0,0
Y,14,N,FALSE,FALSE,0,0,0
Z,14,N,FALSE,FALSE,0,0,0
AA,14,N,FALSE,FALSE,0,0,0
AB,14,N,FALSE,FALSE,0,0,0
AC,14,N,FALSE,FALSE,0,0,0
AD,14,N,FALSE,FALSE,0,0,0
AE,14,N,FALSE,FALSE,0,0,0
AF,14,N,FALSE,FALSE,0,0,0
AG,14,N,FALSE,FALSE,0,0,0
AH,14,N,FALSE,FALSE,0,0,0
AI,14,N,FALSE,FALSE,0,0,0
AJ,14,N,FALSE,FALSE,0,0,0
AK,14,N,FALSE,FALSE,0,0,0
AL,14,N,FALSE,FALSE,0,0,0
AM,14,N,FALSE,FALSE,0,0,0
AN,14,N,FALSE,FALSE,0,0,0
AO,14,N,FALSE,FALSE,0,0,0
AP,14,N,FALSE,FALSE,0,0,0
AQ,14,N,FALSE,FALSE,0,0,0
AR,14,N,FALSE,FALSE,0,0,0
AS,14,N,FALSE,FALSE,0,0,0
AT,14,N,FALSE,FALSE,0,0,0
AU,14,N,FALSE,FALSE,0,0,0
AV,14,N,FALSE,FALSE,0,0,0
AW,14,N,FALSE,FALSE,0,0,0
AX,14,N,FALSE,FALSE,0,0,0
AY,14,N,FALSE,FALSE,0,0,0
AZ,14,N,FALSE,FALSE,0,0,0
BA,14,N,FALSE,FALSE,0,0,0
BB,14,N,FALSE,FALSE,0,0,0
BC,14,N,FALSE,FALSE,0,0,0
BD,14,N,FALSE,FALSE,0,0,0
BE,14,N,FALSE,FALSE,0,0,0
BF,14,N,FALSE,FALSE,0,0,0
BG,14,N,FALSE,FALSE,0,0,0
BH,14,N,FALSE,FALSE,0,0,0
BI,14,N,FALSE,FALSE,0,0,0
BJ,14,N,FALSE,FALSE,0,0,0
BK,14,N,FALSE,FALSE,0,0,0
BL,14,N,FALSE,FALSE,0,0,0
A,15,N,FALSE,FALSE,0,0,0
B,15,N,FALSE,FALSE,0,0,0
C,15,N,FALSE,FALSE,0,0,0
D,15,N,FALSE,FALSE,0,0,0
E,15,N,FALSE,FALSE,0,0,0
F,15,N,FALSE,FALSE,0,0,0
G,15,N,FALSE,FALSE,0,0,0
H,15,N,FALSE,FALSE,0,0,0
I,15,N,FALSE,FALSE,0,0,0
J,15,N,FALSE,FALSE,0,0,0
K,15,N,FALSE,FALSE,0,0,0
L,15,N,FALSE,FALSE,0,0,0
M,15,N,FALSE,FALSE,0,0,0
N,15,N,FALSE,FALSE,0,0,0
O,15,N,FALSE,FALSE,0,0,0
P,15,N,FALSE,FALSE,0,0,0
Q,15,N,FALSE,FALSE,0,0,0
R,15,N,FALSE,FALSE,0,0,0
S,15,N,FALSE,FALSE,0,0,0
T,15,N,FALSE,FALSE,0,0,0
U,15,N,FALSE,FALSE,0,0,0
V,15,N,FALSE,FALSE,0,0,0
W,15,N,FALSE,FALSE,0,0,0
X,15,N,FALSE,FALSE,0,0,0
Y,15,N,FALSE,FALSE,0,0,0
Z,15,N,FALSE,FALSE,0,0,0
AA,15,N,FALSE,FALSE,0,0,0
AB,15,N,FALSE,FALSE,0,0,0
AC,15,N,FALSE,FALSE,0,0,0
AD,15,N,FALSE,FALSE,0,0,0
AE,15,N,FALSE,FALSE,0,0,0
AF,15,N,FALSE,FALSE,0,0,0
AG,15,N,TRUE,FALSE,0,0,0
AH,15,N,FALSE,FALSE,0,0,0
AI,15,N,FALSE,FALSE,0,0,0
AJ,15,N,FALSE,FALSE,0,0,0
AK,15,N,FALSE,FALSE,0,0,0
AL,15,N,FALSE,FALSE,0,0,0
AM,15,N,FALSE,FALSE,0,0,0
AN,15,N,FALSE,FALSE,0,0,0
AO,15,N,FALSE,FALSE,0,0,0
AP,15,N,FALSE,FALSE,0,0,0
AQ,15,N,FALSE,FALSE,0,0,0
AR,15,N,FALSE,FALSE,0,0,0
AS,15,N,FALSE,FALSE,0,0,0
AT,15,N,FALSE,FALSE,0,0,0
AU,15,N,FALSE,FALSE,0,0,0
AV,15,N,FALSE,FALSE,0,0,0
AW,15,N,FALSE,FALSE,0,0,0
AX,15,N,FALSE,FALSE,0,0,0
AY,15,N,FALSE,FALSE,0,0,0
AZ,15,N,FALSE,FALSE,0,0,0
BA,15,N,FALSE,FALSE,0,0,0
BB,15,N,FALSE,FALSE,0,0,0
BC,15,N,FALSE,FALSE,0,0,0
BD,15,N,FALSE,FALSE,0,0,0
BE,15,N,FALSE,FALSE,0,0,0
BF,15,N,FALSE,FALSE,0,0,0
BG,15,N,FALSE,FALSE,0,0,0
BH,15,N,FALSE,FALSE,0,0,0
BI,15,N,FALSE,FALSE,0,0,0
BJ,15,N,FALSE,FALSE,0,0,0
BK,15,N,FALSE,FALSE,0,0,0
BL,15,N,FALSE,FALSE,0,0,0
A,16,N,FALSE,FALSE,0,0,0
B,16,N,FALSE,FALSE,0,0,0
C,16,N,FALSE,FALSE,0,0,0
D,16,N,FALSE,FALSE,0,0,0
E,16,N,FALSE,FALSE,0,0,0
F,16,N,FALSE,FALSE,0,0,0
G,16,N,FALSE,FALSE,0,0,0
H,16,N,FALSE,FALSE,0,0,0
I,16,N,FALSE,FALSE,0,0,0
J,16,N,FALSE,FALSE,0,0,0
K,16,N,FALSE,FALSE,0,0,0
L,16,N,FALSE,FALSE,0,0,0
M,16,N,FALSE,FALSE,0,0,0
N,16,N,FALSE,FALSE,0,0,0
O,16,N,FALSE,FALSE,0,0,0
P,16,N,FALSE,FALSE,0,0,0
Q,16,N,FALSE,FALSE,0,0,0
R,16,N,FALSE,FALSE,0,0,0
S,16,N,FALSE,FALSE,0,0,0
T,16,N,FALSE,FALSE,0,0,0
U,16,N,FALSE,FALSE,0,0,0
V,16,N,FALSE,FALSE,0,0,0
W,16,N,FALSE,FALSE,0,0,0
X,16,N,FALSE,FALSE,0,0,0
Y,16,N,FALSE,FALSE,0,0,0
Z,16,N,FALSE,FALSE,0,0,0
AA,16,N,FALSE,FALSE,0,0,0
AB,16,N,FALSE,FALSE,0,0,0
AC,16,N,FALSE,FALSE,0,0,0
AD,16,N,FALSE,FALSE,0,0,0
AE,16,N,FALSE,FALSE,0,0,0
AF,16,N,FALSE,FALSE,0,0,0
AG,16,N,FALSE,FALSE,0,0,0
AH,16,N,FALSE,FALSE,0,0,0
AI,16,N,FALSE,FALSE,0,0,0
AJ,16,N,FALSE,FALSE,0,0,0
AK,16,N,FALSE,FALSE,0,0,0
AL,16,N,FALSE,FALSE,0,0,0
AM,16,N,FALSE,FALSE,0,0,0
AN,16,N,FALSE,FALSE,0,0,0
AO,16,N,FALSE,FALSE,0,0,0
AP,16,N,FALSE,FALSE,0,0,0
AQ,16,N,FALSE,FALSE,0,0,0
AR,16,N,FALSE,FALSE,0,0,0
AS,16,N,FALSE,FALSE,0,0,0
AT,16,N,FALSE,FALSE,0,0,0
AU,16,N,FALSE,FALSE,0,0,0
AV,16,N,FALSE,FALSE,0,0,0
AW,16,N,FALSE,FALSE,0,0,0
AX,16,N,FALSE,FALSE,0,0,0
AY,16,N,FALSE,FALSE,0,0,0
AZ,16,N,FALSE,FALSE,0,0,0
BA,16,N,FALSE,FALSE,0,0,0
BB,16,N,FALSE,FALSE,0,0,0
BC,16,N,FALSE,FALSE,0,0,0
BD,16,N,FALSE,FALSE,0,0,0
BE,16,N,FALSE,FALSE,0,0,0
BF,16,N,FALSE,FALSE,0,0,0
BG,16,N,FALSE,FALSE,0,0,0
BH,16,N,FALSE,FALSE,0,0,0
BI,16,N,FALSE,FALSE,0,0,0
BJ,16,N,FALSE,FALSE,0,0,0
BK,16,N,FALSE,FALSE,0,0,0
BL,16,N,FALSE,FALSE,0,0,0
A,17,N,FALSE,FALSE,0,0,0
B,17,N,FALSE,FALSE,0,0,0
C,17,N,FALSE,FALSE,0,0,0
D,17,N,FALSE,FALSE,0,0,0
E,17,N,FALSE,FALSE,0,0,0
F,17,N,FALSE,FALSE,0,0,0
G,17,N,FALSE,FALSE,0,0,0
H,17,N,FALSE,FALSE,0,0,0
I,17,N,FALSE,FALSE,0,0,0
J,17,N,FALSE,FALSE,0,0,0
K,17,N,FALSE,FALSE,0,0,0
L,17,N,FALSE,FALSE,0,0,0
M,17,N,FALSE,FALSE,0,0,0
N,17,N,FALSE,FALSE,0,0,0
O,17,N,FALSE,FALSE,0,0,0
P,17,N,FALSE,FALSE,0,0,0
Q,17,N,FALSE,FALSE,0,0,0
R,17,N,FALSE,FALSE,0,0,0
S,17,N,FALSE,FALSE,0,0,0
T,17,N,FALSE,FALSE,0,0,0
U,17,N,FALSE,FALSE,0,0,0
V,17,N,FALSE,FALSE,0,0,0
W,17,N,FALSE,FALSE,0,0,0
X,17,N,FALSE,FALSE,0,0,0
Y,17,N,FALSE,FALSE,0,0,0
Z,17,N,FALSE,FALSE,0,0,0
AA,17,N,FALSE,FALSE,0,0,0
AB,17,N,FALSE,FALSE,0,0,0
AC,17,N,FALSE,FALSE,0,0,0
AD,17,N,FALSE,FALSE,0,0,0
AE,17,N,FALSE,FALSE,0,0,0
AF,17,N,FALSE,FALSE,0,0,0
AG,17,N,FALSE,FALSE,0,0,0
AH,17,N,FALSE,FALSE,0,0,0
AI,17,N,FALSE,FALSE,0,0,0
AJ,17,N,FALSE,FALSE,0,0,0
AK,17,N,FALSE,FALSE,0,0,0
AL,17,N,FALSE,FALSE,0,0,0
AM,17,N,FALSE,FALSE,0,0,0
AN,17,N,FALSE,FALSE,0,0,0
AO,17,N,FALSE,FALSE,0,0,0
AP,17,N,FALSE,FALSE,0,0,0
AQ,17,N,FALSE,FALSE,0,0,0
AR,17,N,FALSE,FALSE,0,0,0
AS,17,N,FALSE,FALSE,0,0,0
AT,17,N,FALSE,FALSE,0,0,0
AU,17,N,FALSE,FALSE,0,0,0
AV,17,N,FALSE,FALSE,0,0,0
AW,17,N,FALSE,FALSE,0,0,0
AX,17,N,FALSE,FALSE,0,0,0
AY,17,N,FALSE,FALSE,0,0,0
AZ,17,N,FALSE,FALSE,0,0,0
BA,17,N,FALSE,FALSE,0,0,0
BB,17,N,FALSE,FALSE,0,0,0
BC,17,N,FALSE,FALSE,0,0,0
BD,17,N,FALSE,FALSE,0,0,0
BE,17,N,FALSE,FALSE,0,0,0
BF,17,N,FALSE,FALSE,0,0,0
BG,17,N,FALSE,FALSE,0,0,0
BH,17,N,FALSE,FALSE,0,0,0
BI,17,N,FALSE,FALSE,0,0,0
BJ,17,N,FALSE,FALSE,0,0,0
BK,17,N,FALSE,FALSE,0,0,0
BL,17,N,FALSE,FALSE,0,0,0
A,18,N,FALSE,FALSE,0,0,0
B,18,N,FALSE,FALSE,0,0,0
C,18,N,FALSE,FALSE,0,0,0
D,18,N,FALSE,FALSE,0,0,0
E,18,N,FALSE,FALSE,0,0,0
F,18,N,FALSE,FALSE,0,0,0
G,18,N,FALSE,FALSE,0,0,0
H,18,N,FALSE,FALSE,0,0,0
I,18,N,FALSE,FALSE,0,0,0
J,18,N,FALSE,FALSE,0,0,0
K,18,N,FALSE,FALSE,0,0,0
L,18,N,FALSE,FALSE,0,0,0
M,18,N,FALSE,FALSE,0,0,0
N,18,N,FALSE,FALSE,0,0,0
O,18,N,FALSE,FALSE,0,0,0
P,18,N,FALSE,FALSE,0,0,0
Q,18,N,FALSE,FALSE,0,0,0
R,18,N,FALSE,FALSE,0,0,0
S,18,N,FALSE,FALSE,0,0,0
T,18,N,FALSE,FALSE,0,0,0
U,18,N,FALSE,FALSE,0,0,0
V,18,N,FALSE,FALSE,0,0,0
W,18,N,FALSE,FALSE,0,0,0
X,18,N,FALSE,FALSE,0,0,0
Y,18,N,FALSE,FALSE,0,0,0
Z,18,N,FALSE,FALSE,0,0,0
AA,18,N,FALSE,FALSE,0,0,0
AB,18,N,FALSE,FALSE,0,0,0
AC,18,N,FALSE,FALSE,0,0,0
AD,18,N,FALSE,FALSE,0,0,0
AE,18,N,FALSE,FALSE,0,0,0
AF,18,N,TRUE,FALSE,0,0,0
AG,18,N,FALSE,FALSE,0,0,0
AH,18,N,FALSE,FALSE,0,0,0
AI,18,N,FALSE,FALSE,0,0,0
AJ,18,N,FALSE,FALSE,0,0,0
AK,18,N,FALSE,FALSE,0,0,0
AL,18,N,FALSE,FALSE,0,0,0
AM,18,N,TRUE,FALSE,0,0,0
AN,18,N,FALSE,FALSE,0,0,0
AO,18,N,FALSE,FALSE,0,0,0
AP,18,N,FALSE,FALSE,0,0,0
AQ,18,N,FALSE,FALSE,0,0,0
AR,18,N,FALSE,FALSE,0,0,0
AS,18,N,FALSE,FALSE,0,0,0
AT,18,N,FALSE,FALSE,0,0,0
AU,18,N,FALSE,FALSE,0,0,0
AV,18,N,FALSE,FALSE,0,0,0
AW,18,N,FALSE,FALSE,0,0,0
AX,18,N,FALSE,FALSE,0,0,0
AY,18,N,FALSE,FALSE,0,0,0
AZ,18,N,FALSE,FALSE,0,0,0
BA,18,N,FALSE,FALSE,0,0,0
BB,18,N,FALSE,FALSE,0,0,0
BC,18,N,FALSE,FALSE,0,0,0
BD,18,N,FALSE,FALSE,0,0,0
BE,18,N,FALSE,FALSE,0,0,0
BF,18,N,FALSE,FALSE,0,0,0
BG,18,N,FALSE,FALSE,0,0,0
BH,18,N,FALSE,FALSE,0,0,0
BI,18,N,FALSE,FALSE,0,0,0
BJ,18,N,FALSE,FALSE,0,0,0
BK,18,N,FALSE,FALSE,0,0,0
BL,18,N,FALSE,FALSE,0,0,0
A,19,N,FALSE,FALSE,0,0,0
B,19,N,FALSE,FALSE,0,0,0
C,19,N,FALSE,FALSE,0,0,0
D,19,N,FALSE,FALSE,0,0,0
E,19,N,FALSE,FALSE,0,0,0
F,19,N,FALSE,FALSE,0,0,0
G,19,N,FALSE,FALSE,0,0,0
H,19,N,FALSE,FALSE,0,0,0
I,19,N,FALSE,FALSE,0,0,0
J,19,N,FALSE,FALSE,0,0,0
K,19,N,FALSE,FALSE,0,0,0
L,19,N,FALSE,FALSE,0,0,0
M,19,N,FALSE,FALSE,0,0,0
N,19,N,FALSE,FALSE,0,0,0
O,19,N,FALSE,FALSE,0,0,0
P,19,N,FALSE,FALSE,0,0,0
Q,19,N,FALSE,FALSE,0,0,0
R,19,N,FALSE,FALSE,0,0,0
S,19,N,FALSE,FALSE,0,0,0
T,19,N,FALSE,FALSE,0,0,0
U,19,N,FALSE,FALSE,0,0,0
V,19,N,FALSE,FALSE,0,0,0
W,19,N,FALSE,FALSE,0,0,0
X,19,N,FALSE,FALSE,0,0,0
Y,19,N,FALSE,FALSE,0,0,0
Z,19,N,FALSE,FALSE,0,0,0
AA,19,N,FALSE,FALSE,0,0,0
AB,19,N,FALSE,FALSE,0,0,0
AC,19,N,FALSE,FALSE,0,0,0
AD,19,N,FALSE,FALSE,0,0,0
AE,19,N,FALSE,FALSE,0,0,0
AF,19,N,FALSE,FALSE,0,0,0
AG,19,N,FALSE,FALSE,0,0,0
AH,19,N,FALSE,FALSE,0,0,0
AI,19,N,FALSE,FALSE,0,0,0
AJ,19,N,FALSE,FALSE,0,0,0
AK,19,N,FALSE,FALSE,0,0,0
AL,19,N,FALSE,FALSE,0,0,0
AM,19,N,FALSE,FALSE,0,0,0
AN,19,N,FALSE,FALSE,0,0,0
AO,19,N,FALSE,FALSE,0,0,0
AP,19,N,FALSE,FALSE,0,0,0
AQ,19,N,FALSE,FALSE,0,0,0
AR,19,N,FALSE,FALSE,0,0,0
AS,19,N,FALSE,FALSE,0,0,0
AT,19,N,FALSE,FALSE,0,0,0
AU,19,N,FALSE,FALSE,0,0,0
AV,19,N,FALSE,FALSE,0,0,0
AW,19,N,FALSE,FALSE,0,0,0
AX,19,N,FALSE,FALSE,0,0,0
AY,19,N,FALSE,FALSE,0,0,0
AZ,19,N,FALSE,FALSE,0,0,0
BA,19,N,FALSE,FALSE,0,0,0
BB,19,N,FALSE,FALSE,0,0,0
BC,19,N,FALSE,FALSE,0,0,0
BD,19,N,FALSE,FALSE,0,0,0
BE,19,N,FALSE,FALSE,0,0,0
BF,19,N,FALSE,FALSE,0,0,0
BG,19,N,FALSE,FALSE,0,0,0
BH,19,N,FALSE,FALSE,0,0,0
BI,19,N,FALSE,FALSE,0,0,0
BJ,19,N,FALSE,FALSE,0,0,0
BK,19,N,FALSE,FALSE,0,0,0
BL,19,N,FALSE,FALSE,0,0,0
A,20,N,FALSE,FALSE,0,0,0
B,20,N,FALSE,FALSE,0,0,0
C,20,N,FALSE,FALSE,0,0,0
D,20,N,FALSE,FALSE,0,0,0
E,20,N,FALSE,FALSE,0,0,0
F,20,N,FALSE,FALSE,0,0,0
G,20,N,FALSE,FALSE,0,0,0
H,20,N,FALSE,FALSE,0,0,0
I,20,N,FALSE,FALSE,0,0,0
J,20,N,FALSE,FALSE,0,0,0
K,20,N,FALSE,FALSE,0,0,0
L,20,N,FALSE,FALSE,0,0,0
M,20,N,FALSE,FALSE,0,0,0
N,20,N,FALSE,FALSE,0,0,0
O,20,N,FALSE,FALSE,0,0,0
P,20,N,FALSE,FALSE,0,0,0
Q,20,N,FALSE,FALSE,0,0,0
R,20,N,FALSE,FALSE,0,0,0
S,20,N,FALSE,FALSE,0,0,0
T,20,N,FALSE,FALSE,0,0,0
U,20,N,FALSE,FALSE,0,0,0
V,20,N,FALSE,FALSE,0,0,0
W,20,N,FALSE,FALSE,0,0,0
X,20,N,FALSE,FALSE,0,0,0
Y,20,N,FALSE,FALSE,0,0,0
Z,20,N,FALSE,FALSE,0,0,0
AA,20,N,FALSE,FALSE,0,0,0
AB,20,N,FALSE,FALSE,0,0,0
AC,20,N,FALSE,FALSE,0,0,0
AD,20,N,FALSE,FALSE,0,0,0
AE,20,N,FALSE,FALSE,0,0,0
AF,20,N,FALSE,FALSE,0,0,0
AG,20,N,FALSE,FALSE,0,0,0
AH,20,N,FALSE,FALSE,0,0,0
AI,20,N,FALSE,FALSE,0,0,0
AJ,20,N,FALSE,FALSE,0,0,0
AK,20,N,FALSE,FALSE,0,0,0
AL,20,N,FALSE,FALSE,0,0,0
AM,20,N,FALSE,FALSE,0,0,0
AN,20,N,FALSE,FALSE,0,0,0
AO,20,N,FALSE,FALSE,0,0,0
AP,20,N,FALSE,FALSE,0,0,0
AQ,20,N,FALSE,FALSE,0,0,0
AR,20,N,FALSE,FALSE,0,0,0
AS,20,N,FALSE,FALSE,0,0,0
AT,20,N,FALSE,FALSE,0,0,0
AU,20,N,FALSE,FALSE,0,0,0
AV,20,N,FALSE,FALSE,0,0,0
AW,20,N,FALSE,FALSE,0,0,0
AX,20,N,FALSE,FALSE,0,0,0
AY,20,N,FALSE,FALSE,0,0,0
AZ,20,N,FALSE,FALSE,0,0,0
BA,20,N,FALSE,FALSE,0,0,0
BB,20,N,FALSE,FALSE,0,0,0
BC,20,N,FALSE,FALSE,0,0,0
BD,20,N,FALSE,FALSE,0,0,0
BE,20,N,FALSE,FALSE,0,0,0
BF,20,N,FALSE,FALSE,0,0,0
BG,20,N,FALSE,FALSE,0,0,0
BH,20,N,FALSE,FALSE,0,0,0
BI,20,N,FALSE,FALSE,0,0,0
BJ,20,N,FALSE,FALSE,0,0,0
BK,20,N,FALSE,FALSE,0,0,0
BL,20,N,FALSE,FALSE,0,0,0
A,21,N,FALSE,FALSE,0,0,0
B,21,N,FALSE,FALSE,0,0,0
C,21,N,FALSE,FALSE,0,0,0
D,21,N,FALSE,FALSE,0,0,0
E,21,N,FALSE,FALSE,0,0,0
F,21,N,FALSE,FALSE,0,0,0
G,21,N,FALSE,FALSE,0,0,0
H,21,N,FALSE,FALSE,0,0,0
I,21,N,FALSE,FALSE,0,0,0
J,21,N,FALSE,FALSE,0,0,0
K,21,N,FALSE,FALSE,0,0,0
L,21,N,FALSE,FALSE,0,0,0
M,21,N,FALSE,FALSE,0,0,0
N,21,N,FALSE,FALSE,0,0,0
O,21,N,FALSE,FALSE,0,0,0
P,21,N,FALSE,FALSE,0,0,0
Q,21,N,FALSE,FALSE,0,0,0
R,21,N,FALSE,FALSE,0,0,0
S,21,N,FALSE,FALSE,0,0,0
T,21,N,FALSE,FALSE,0,0,0
U,21,N,FALSE,FALSE,0,0,0
V,21,N,FALSE,FALSE,0,0,0
W,21,N,FALSE,FALSE,0,0,0
X,21,N,FALSE,FALSE,0,0,0
Y,21,N,FALSE,FALSE,0,0,0
Z,21,N,FALSE,FALSE,0,0,0
AA,21,N,FALSE,FALSE,0,0,0
AB,21,N,FALSE,FALSE,0,0,0
AC,21,N,FALSE,FALSE,0,0,0
AD,21,N,FALSE,FALSE,0,0,0
AE,21,N,FALSE,FALSE,0,0,0
AF,21,N,FALSE,FALSE,0,0,0
AG,21,N,FALSE,FALSE,0,0,0
AH,21,N,FALSE,FALSE,0,0,0
AI,21,N,FALSE,FALSE,0,0,0
AJ,21,N,FALSE,FALSE,0,0,0
AK,21,N,FALSE,FALSE,0,0,0
AL,21,N,FALSE,FALSE,0,0,0
AM,21,N,FALSE,FALSE,0,0,0
AN,21,N,FALSE,FALSE,0,0,0
AO,21,N,FALSE,FALSE,0,0,0
AP,21,N,FALSE,FALSE,0,0,0
AQ,21,N,FALSE,FALSE,0,0,0
AR,21,N,FALSE,FALSE,0,0,0
AS,21,N,FALSE,FALSE,0,0,0
AT,21,N,FALSE,FALSE,0,0,0
AU,21,N,FALSE,FALSE,0,0,0
AV,21,N,FALSE,FALSE,0,0,0
AW,21,N,FALSE,FALSE,0,0,0
AX,21,N,FALSE,FALSE,0,0,0
AY,21,N,FALSE,FALSE,0,0,0
AZ,21,N,FALSE,FALSE,0,0,0
BA,21,N,FALSE,FALSE,0,0,0
BB,21,N,FALSE,FALSE,0,0,0
BC,21,N,FALSE,FALSE,0,0,0
BD,21,N,FALSE,FALSE,0,0,0
BE,21,N,FALSE,FALSE,0,0,0
BF,21,N,FALSE,FALSE,0,0,0
BG,21,N,FALSE,FALSE,0,0,0
BH,21,N,FALSE,FALSE,0,0,0
BI,21,N,FALSE,FALSE,0,0,0
BJ,21,N,FALSE,FALSE,0,0,0
BK,21,N,FALSE,FALSE,0,0,0
BL,21,N,FALSE,FALSE,0,0,0
A,22,N,FALSE,FALSE,0,0,0
B,22,N,FALSE,FALSE,0,0,0
C,22,N,FALSE,FALSE,0,0,0
D,22,N,FALSE,FALSE,0,0,0
E,22,N,FALSE,FALSE,0,0,0
F,22,N,FALSE,FALSE,0,0,0
G,22,N,FALSE,FALSE,0,0,0
H,22,N,FALSE,FALSE,0,0,0
I,22,N,FALSE,FALSE,0,0,0
J,22,N,FALSE,FALSE,0,0,0
K,22,N,FALSE,FALSE,0,0,0
L,22,N,FALSE,FALSE,0,0,0
M,22,N,FALSE,FALSE,0,0,0
N,22,N,FALSE,FALSE,0,0,0
O,22,N,FALSE,FALSE,0,0,0
P,22,N,FALSE,FALSE,0,0,0
Q,22,N,FALSE,FALSE,0,0,0
R,22,N,FALSE,FALSE,0,0,0
S,22,N,FALSE,FALSE,0,0,0
T,22,N,FALSE,FALSE,0,0,0
U,22,N,FALSE,FALSE,0,0,0
V,22,N,FALSE,FALSE,0,0,0
W,22,N,FALSE,FALSE,0,0,0
X,22,N,FALSE,FALSE,0,0,0
Y,22,N,FALSE,FALSE,0,0,0
Z,22,N,FALSE,FALSE,0,0,0
AA,22,N,FALSE,FALSE,0,0,0
AB,22,N,FALSE,FALSE,0,0,0
AC,22,N,FALSE,FALSE,0,0,0
AD,22,N,FALSE,TRUE,0,0,0
AE,22,N,FALSE,FALSE,0,0,0
AF,22,N,FALSE,FALSE,0,0,0
AG,22,N,FALSE,FALSE,0,0,0
AH,22,N,FALSE,FALSE,0,0,0
AI,22,N,FALSE,FALSE,0,0,0
AJ,22,N,FALSE,FALSE,0,0,0
AK,22,N,FALSE,FALSE,0,0,0
AL,22,N,FALSE,FALSE,0,0,0
AM,22,N,FALSE,FALSE,0,0,0
AN,22,N,FALSE,FALSE,0,0,0
AO,22,N,FALSE,FALSE,0,0,0
AP,22,N,FALSE,FALSE,0,0,0
AQ,22,N,FALSE,FALSE,0,0,0
AR,22,N,FALSE,FALSE,0,0,0
AS,22,N,FALSE,FALSE,0,0,0
AT,22,N,FALSE,FALSE,0,0,0
AU,22,N,FALSE,FALSE,0,0,0
AV,22,N,FALSE,FALSE,0,0,0
AW,22,N,FALSE,FALSE,0,0,0
AX,22,N,FALSE,FALSE,0,0,0
AY,22,N,FALSE,FALSE,0,0,0
AZ,22,N,FALSE,FALSE,0,0,0
BA,22,N,FALSE,FALSE,0,0,0
BB,22,N,FALSE,FALSE,0,0,0
BC,22,N,FALSE,FALSE,0,0,0
BD,22,N,FALSE,FALSE,0,0,0
BE,22,N,FALSE,FALSE,0,0,0
BF,22,N,FALSE,FALSE,0,0,0
BG,22,N,FALSE,FALSE,0,0,0
BH,22,N,FALSE,FALSE,0,0,0
BI,22,N,FALSE,FALSE,0,0,0
BJ,22,N,FALSE,FALSE,0,0,0
BK,22,N,FALSE,FALSE,0,0,0
BL,22,N,FALSE,FALSE,0,0,0
A,23,N,FALSE,FALSE,0,0,0
B,23,N,FALSE,FALSE,0,0,0
C,23,N,FALSE,FALSE,0,0,0
D,23,N,FALSE,FALSE,0,0,0
E,23,N,FALSE,FALSE,0,0,0
F,23,N,FALSE,FALSE,0,0,0
G,23,N,FALSE,FALSE,0,0,0
H,23,N,FALSE,FALSE,0,0,0
I,23,N,FALSE,FALSE,0,0,0
J,23,N,FALSE,FALSE,0,0,0
K,23,N,FALSE,FALSE,0,0,0
L,23,N,FALSE,FALSE,0,0,0
M,23,N,FALSE,FALSE,0,0,0
N,23,N,FALSE,FALSE,0,0,0
O,23,N,FALSE,FALSE,0,0,0
P,23,N,FALSE,FALSE,0,0,0
Q,23,N,FALSE,FALSE,0,0,0
R,23,N,FALSE,FALSE,0,0,0
S,23,N,FALSE,FALSE,0,0,0
T,23,N,FALSE,FALSE,0,0,0
U,23,N,FALSE,FALSE,0,0,0
V,23,N,FALSE,FALSE,0,0,0
W,23,N,FALSE,FALSE,0,0,0
X,23,N,FALSE,FALSE,0,0,0
Y,23,N,FALSE,FALSE,0,0,0
Z,23,N,FALSE,FALSE,0,0,0
AA,23,N,FALSE,FALSE,0,0,0
AB,23,N,FALSE,FALSE,0,0,0
AC,23,N,FALSE,FALSE,0,0,0
AD,23,N,FALSE,FALSE,0,0,0
AE,23,N,FALSE,FALSE,0,0,0
AF,23,N,FALSE,FALSE,0,0,0
AG,23,N,FALSE,FALSE,0,0,0
AH,23,N,FALSE,FALSE,0,0,0
AI,23,N,FALSE,FALSE,0,0,0
AJ,23,N,FALSE,FALSE,0,0,0
AK,23,N,FALSE,FALSE,0,0,0
AL,23,N,FALSE,FALSE,0,0,0
AM,23,N,FALSE,FALSE,0,0,0
AN,23,N,FALSE,FALSE,0,0,0
AO,23,N,FALSE,FALSE,0,0,0
AP,23,N,FALSE,FALSE,0,0,0
AQ,23,N,FALSE,FALSE,0,0,0
AR,23,N,FALSE,FALSE,0,0,0
AS,23,N,FALSE,FALSE,0,0,0
AT,23,N,FALSE,FALSE,0,0,0
AU,23,N,FALSE,FALSE,0,0,0
AV,23,N,FALSE,FALSE,0,0,0
AW,23,N,FALSE,FALSE,0,0,0
AX,23,N,FALSE,FALSE,0,0,0
AY,23,N,FALSE,FALSE,0,0,0
AZ,23,N,FALSE,FALSE,0,0,0
BA,23,N,FALSE,FALSE,0,0,0
BB,23,N,FALSE,FALSE,0,0,0
BC,23,N,FALSE,FALSE,0,0,0
BD,23,N,FALSE,FALSE,0,0,0
BE,23,N,FALSE,FALSE,0,0,0
BF,23,N,FALSE,FALSE,0,0,0
BG,23,N,FALSE,FALSE,0,0,0
BH,23,N,FALSE,FALSE,0,0,0
BI,23,N,FALSE,FALSE,0,0,0
BJ,23,N,FALSE,FALSE,0,0,0
BK,23,N,FALSE,FALSE,0,0,0
BL,23,N,FALSE,FALSE,0,0,0
A,24,N,FALSE,FALSE,0,0,0
B,24,N,FALSE,FALSE,0,0,0
C,24,N,FALSE,FALSE,0,0,0
D,24,N,FALSE,FALSE,0,0,0
E,24,N,FALSE,FALSE,0,0,0
F,24,N,FALSE,FALSE,0,0,0
G,24,N,FALSE,FALSE,0,0,0
H,24,N,FALSE,FALSE,0,0,0
I,24,N,FALSE,FALSE,0,0,0
J,24,N,FALSE,FALSE,0,0,0
K,24,N,FALSE,FALSE,0,0,0
L,24,N,FALSE,FALSE,0,0,0
M,24,N,FALSE,FALSE,0,0,0
N,24,N,FALSE,FALSE,0,0,0
O,24,N,FALSE,FALSE,0,0,0
P,24,N,FALSE,FALSE,0,0,0
Q,24,N,FALSE,FALSE,0,0,0
R,24,N,FALSE,FALSE,0,0,0
S,24,N,FALSE,FALSE,0,0,0
T,24,N,FALSE,FALSE,0,0,0
U,24,N,FALSE,FALSE,0,0,0
V,24,N,FALSE,FALSE,0,0,0
W,24,N,FALSE,FALSE,0,0,0
X,24,N,FALSE,FALSE,0,0,0
Y,24,N,FALSE,FALSE,0,0,0
Z,24,N,FALSE,FALSE,0,0,0
AA,24,N,FALSE,FALSE,0,0,0
AB,24,N,FALSE,FALSE,0,0,0
AC,24,N,FALSE,FALSE,0,0,0
AD,24,N,FALSE,FALSE,0,0,0
AE,24,N,FALSE,FALSE,0,0,0
AF,24,N,FALSE,FALSE,0,0,0
AG,24,N,FALSE,FALSE,0,0,0
AH,24,N,FALSE,FALSE,0,0,0
AI,24,N,FALSE,FALSE,0,0,0
AJ,24,N,FALSE,FALSE,0,0,0
AK,24,N,FALSE,FALSE,0,0,0
AL,24,N,FALSE,FALSE,0,0,0
AM,24,N,FALSE,FALSE,0,0,0
AN,24,N,FALSE,FALSE,0,0,0
AO,24,N,FALSE,FALSE,0,0,0
AP,24,N,FALSE,FALSE,0,0,0
AQ,24,N,FALSE,FALSE,0,0,0
AR,24,N,FALSE,FALSE,0,0,0
AS,24,N,FALSE,FALSE,0,0,0
AT,24,N,FALSE,FALSE,0,0,0
AU,24,N,FALSE,FALSE,0,0,0
AV,24,N,FALSE,FALSE,0,0,0
AW,24,N,FALSE,FALSE,0,0,0
AX,24,N,FALSE,FALSE,0,0,0
AY,24,N,FALSE,FALSE,0,0,0
AZ,24,N,FALSE,FALSE,0,0,0
BA,24,N,FALSE,FALSE,0,0,0
BB,24,N,FALSE,FALSE,0,0,0
BC,24,N,FALSE,FALSE,0,0,0
BD,24,N,FALSE,FALSE,0,0,0
BE,24,N,FALSE,FALSE,0,0,0
BF,24,N,FALSE,FALSE,0,0,0
BG,24,N,FALSE,FALSE,0,0,0
BH,24,N,FALSE,FALSE,0,0,0
BI,24,N,FALSE,FALSE,0,0,0
BJ,24,N,FALSE,FALSE,0,0,0
BK,24,N,FALSE,FALSE,0,0,0
BL,24,N,FALSE,FALSE,0,0,0
A,25,N,FALSE,FALSE,0,0,0
B,25,N,FALSE,FALSE,0,0,0
C,25,N,FALSE,FALSE,0,0,0
D,25,N,FALSE,FALSE,0,0,0
E,25,N,FALSE,FALSE,0,0,0
F,25,N,FALSE,FALSE,0,0,0
G,25,N,FALSE,FALSE,0,0,0
H,25,N,FALSE,FALSE,0,0,0
I,25,N,FALSE,FALSE,0,0,0
J,25,N,FALSE,FALSE,0,0,0
K,25,N,FALSE,FALSE,0,0,0
L,25,N,FALSE,FALSE,0,0,0
M,25,N,FALSE,FALSE,0,0,0
N,25,N,FALSE,FALSE,0,0,0
O,25,N,FALSE,FALSE,0,0,0
P,25,N,FALSE,FALSE,0,0,0
Q,25,N,FALSE,FALSE,0,0,0
R,25,N,FALSE,FALSE,0,0,0
S,25,N,FALSE,FALSE,0,0,0
T,25,N,FALSE,FALSE,0,0,0
U,25,N,FALSE,FALSE,0,0,0
V,25,N,FALSE,FALSE,0,0,0
W,25,N,FALSE,FALSE,0,0,0
X,25,N,FALSE,FALSE,0,0,0
Y,25,N,FALSE,FALSE,0,0,0
Z,25,N,FALSE,FALSE,0,0,0
AA,25,N,FALSE,FALSE,0,0,0
AB,25,N,FALSE,FALSE,0,0,0
AC,25,N,FALSE,FALSE,0,0,0
AD,25,N,FALSE,FALSE,0,0,0
AE,25,N,FALSE,FALSE,0,0,0
AF,25,N,FALSE,FALSE,0,0,0
AG,25,N,FALSE,FALSE,0,0,0
AH,25,N,FALSE,FALSE,0,0,0
AI,25,N,FALSE,FALSE,0,0,0
AJ,25,N,FALSE,TRUE,0,0,0
AK,25,N,FALSE,FALSE,0,0,0
AL,25,N,FALSE,FALSE,0,0,0
AM,25,N,FALSE,FALSE,0,0,0
AN,25,N,FALSE,FALSE,0,0,0
AO,25,N,FALSE,FALSE,0,0,0
AP,25,N,FALSE,FALSE,0,0,0
AQ,25,N,FALSE,FALSE,0,0,0
AR,25,N,FALSE,FALSE,0,0,0
AS,25,N,FALSE,FALSE,0,0,0
AT,25,N,FALSE,FALSE,0,0,0
AU,25,N,FALSE,FALSE,0,0,0
AV,25,N,FALSE,FALSE,0,0,0
AW,25,N,FALSE,FALSE,0,0,0
AX,25,N,FALSE,FALSE,0,0,0
AY,25,N,FALSE,FALSE,0,0,0
AZ,25,N,FALSE,FALSE,0,0,0
BA,25,N,FALSE,FALSE,0,0,0
BB,25,N,FALSE,FALSE,0,0,0
BC,25,N,FALSE,FALSE,0,0,0
BD,25,N,FALSE,FALSE,0,0,0
BE,25,N,FALSE,FALSE,0,0,0
BF,25,N,FALSE,FALSE,0,0,0
BG,25,N,FALSE,FALSE,0,0,0
BH,25,N,FALSE,FALSE,0,0,0
BI,25,N,FALSE,FALSE,0,0,0
BJ,25,N,FALSE,FALSE,0,0,0
BK,25,N,FALSE,FALSE,0,0,0
BL,25,N,FALSE,FALSE,0,0,0
A,26,N,FALSE,FALSE,0,0,0
B,26,N,FALSE,FALSE,0,0,0
C,26,N,FALSE,FALSE,0,0,0
D,26,N,FALSE,FALSE,0,0,0
E,26,N,FALSE,FALSE,0,0,0
F,26,N,FALSE,FALSE,0,0,0
G,26,N,FALSE,FALSE,0,0,0
H,26,N,FALSE,FALSE,0,0,0
I,26,N,FALSE,FALSE,0,0,0
J,26,N,FALSE,FALSE,0,0,0
K,26,N,FALSE,FALSE,0,0,0
L,26,N,FALSE,FALSE,0,0,0
M,26,N,FALSE,FALSE,0,0,0
N,26,N,FALSE,FALSE,0,0,0
O,26,N,FALSE,FALSE,0,0,0
P,26,N,FALSE,FALSE,0,0,0
Q,26,N,FALSE,FALSE,0,0,0
R,26,N,FALSE,FALSE,0,0,0
S,26,N,FALSE,FALSE,0,0,0
T,26,N,FALSE,FALSE,0,0,0
U,26,N,FALSE,FALSE,0,0,0
V,26,N,FALSE,FALSE,0,0,0
W,26,N,FALSE,FALSE,0,0,0
X,26,N,FALSE,FALSE,0,0,0
Y,26,N,FALSE,FALSE,0,0,0
Z,26,N,FALSE,FALSE,0,0,0
AA,26,N,FALSE,FALSE,0,0,0
AB,26,N,FALSE,FALSE,0,0,0
AC,26,N,FALSE,FALSE,0,0,0
AD,26,N,FALSE,FALSE,0,0,0
AE,26,N,FALSE,FALSE,0,0,0
AF,26,N,FALSE,FALSE,0,0,0
AG,26,N,FALSE,FALSE,0,0,0
AH,26,N,FALSE,FALSE,0,0,0
AI,26,N,FALSE,FALSE,0,0,0
AJ,26,N,FALSE,FALSE,0,0,0
AK,26,N,FALSE,FALSE,0,0,0
AL,26,N,FALSE,FALSE,0,0,0
AM,26,N,FALSE,FALSE,0,0,0
AN,26,N,FALSE,FALSE,0,0,0
AO,26,N,FALSE,FALSE,0,0,0
AP,26,N,FALSE,FALSE,0,0,0
AQ,26,N,FALSE,FALSE,0,0,0
AR,26,N,FALSE,FALSE,0,0,0
AS,26,N,FALSE,TRUE,0,0,0
AT,26,N,FALSE,FALSE,0,0,0
AU,26,N,FALSE,FALSE,0,0,0
AV,26,N,FALSE,FALSE,0,0,0
AW,26,N,FALSE,FALSE,0,0,0
AX,26,N,FALSE,FALSE,0,0,0
AY,26,N,FALSE,FALSE,0,0,0
AZ,26,N,FALSE,FALSE,0,0,0
BA,26,N,FALSE,FALSE,0,0,0
BB,26,N,FALSE,FALSE,0,0,0
BC,26,N,FALSE,FALSE,0,0,0
BD,26,N,FALSE,FALSE,0,0,0
BE,26,N,FALSE,FALSE,0,0,0
BF,26,N,FALSE,FALSE,0,0,0
BG,26,N,FALSE,FALSE,0,0,0
BH,26,N,FALSE,FALSE,0,0,0
BI,26,N,FALSE,FALSE,0,0,0
BJ,26,N,FALSE,FALSE,0,0,0
BK,26,N,FALSE,FALSE,0,0,0
BL,26,N,FALSE,FALSE,0,0,0
A,27,N,FALSE,FALSE,0,0,0
B,27,N,FALSE,FALSE,0,0,0
C,27,N,FALSE,FALSE,0,0,0
D,27,N,FALSE,FALSE,0,0,0
E,27,N,FALSE,FALSE,0,0,0
F,27,N,FALSE,FALSE,0,0,0
G,27,N,FALSE,FALSE,0,0,0
H,27,N,FALSE,FALSE,0,0,0
I,27,N,FALSE,FALSE,0,0,0
J,27,N,FALSE,FALSE,0,0,0
K,27,N,FALSE,FALSE,0,0,0
L,27,N,FALSE,FALSE,0,0,0
M,27,N,FALSE,FALSE,0,0,0
N,27,N,FALSE,FALSE,0,0,0
O,27,N,FALSE,FALSE,0,0,0
P,27,N,FALSE,FALSE,0,0,0
Q,27,N,FALSE,FALSE,0,0,0
R,27,N,FALSE,FALSE,0,0,0
S,27,N,FALSE,FALSE,0,0,0
T,27,N,FALSE,FALSE,0,0,0
U,27,N,FALSE,FALSE,0,0,0
V,27,N,FALSE,FALSE,0,0,0
W,27,N,FALSE,FALSE,0,0,0
X,27,N,FALSE,FALSE,0,0,0
Y,27,N,FALSE,FALSE,0,0,0
Z,27,N,FALSE,FALSE,0,0,0
AA,27,N,FALSE,FALSE,0,0,0
AB,27,N,FALSE,FALSE,0,0,0
AC,27,N,FALSE,FALSE,0,0,0
AD,27,N,FALSE,FALSE,0,0,0
AE,27,N,FALSE,FALSE,0,0,0
AF,27,N,FALSE,FALSE,0,0,0
AG,27,N,FALSE,FALSE,0,0,0
AH,27,N,FALSE,FALSE,0,0,0
AI,27,N,FALSE,FALSE,0,0,0
AJ,27,N,FALSE,FALSE,0,0,0
AK,27,N,FALSE,FALSE,0,0,0
AL,27,N,FALSE,FALSE,0,0,0
AM,27,N,FALSE,FALSE,0,0,0
AN,27,N,FALSE,FALSE,0,0,0
AO,27,N,FALSE,FALSE,0,0,0
AP,27,N,FALSE,FALSE,0,0,0
AQ,27,N,FALSE,FALSE,0,0,0
AR,27,N,FALSE,FALSE,0,0,0
AS,27,N,FALSE,FALSE,0,0,0
AT,27,N,FALSE,FALSE,0,0,0
AU,27,N,FALSE,FALSE,0,0,0
AV,27,N,FALSE,FALSE,0,0,0
AW,27,N,FALSE,FALSE,0,0,0
AX,27,N,FALSE,FALSE,0,0,0
AY,27,N,FALSE,FALSE,0,0,0
AZ,27,N,FALSE,FALSE,0,0,0
BA,27,N,FALSE,FALSE,0,0,0
BB,27,N,FALSE,FALSE,0,0,0
BC,27,N,FALSE,FALSE,0,0,0
BD,27,N,FALSE,FALSE,0,0,0
BE,27,N,FALSE,FALSE,0,0,0
BF,27,N,FALSE,FALSE,0,0,0
BG,27,N,FALSE,FALSE,0,0,0
BH,27,N,FALSE,FALSE,0,0,0
BI,27,N,FALSE,FALSE,0,0,0
BJ,27,N,FALSE,FALSE,0,0,0
BK,27,N,FALSE,FALSE,0,0,0
BL,27,N,FALSE,FALSE,0,0,0
A,28,N,FALSE,FALSE,0,0,0
B,28,N,FALSE,FALSE,0,0,0
C,28,N,FALSE,FALSE,0,0,0
D,28,N,FALSE,FALSE,0,0,0
E,28,N,FALSE,FALSE,0,0,0
F,28,N,FALSE,FALSE,0,0,0
G,28,N,FALSE,FALSE,0,0,0
H,28,N,FALSE,FALSE,0,0,0
I,28,N,FALSE,FALSE,0,0,0
J,28,N,FALSE,FALSE,0,0,0
K,28,N,FALSE,FALSE,0,0,0
L,28,N,FALSE,FALSE,0,0,0
M,28,N,FALSE,FALSE,0,0,0
N,28,N,FALSE,FALSE,0,0,0
O,28,N,FALSE,FALSE,0,0,0
P,28,N,FALSE,FALSE,0,0,0
Q,28,N,FALSE,FALSE,0,0,0
R,28,N,FALSE,FALSE,0,0,0
S,28,N,FALSE,FALSE,0,0,0
T,28,N,FALSE,FALSE,0,0,0
U,28,N,FALSE,FALSE,0,0,0
V,28,N,FALSE,FALSE,0,0,0
W,28,N,FALSE,FALSE,0,0,0
X,28,N,FALSE,FALSE,0,0,0
Y,28,N,FALSE,FALSE,0,0,0
Z,28,N,FALSE,FALSE,0,0,0
AA,28,N,FALSE,FALSE,0,0,0
AB,28,N,FALSE,FALSE,0,0,0
AC,28,N,FALSE,FALSE,0,0,0
AD,28,N,FALSE,FALSE,0,0,0
AE,28,N,FALSE,FALSE,0,0,0
AF,28,N,FALSE,FALSE,0,0,0
AG,28,N,FALSE,FALSE,0,0,0
AH,28,N,FALSE,FALSE,0,0,0
AI,28,N,FALSE,FALSE,0,0,0
AJ,28,N,FALSE,FALSE,0,0,0
AK,28,N,FALSE,FALSE,0,0,0
AL,28,N,FALSE,FALSE,0,0,0
AM,28,N,FALSE,FALSE,0,0,0
AN,28,N,FALSE,FALSE,0,0,0
AO,28,N,FALSE,FALSE,0,0,0
AP,28,N,FALSE,FALSE,0,0,0
AQ,28,N,FALSE,FALSE,0,0,0
AR,28,N,FALSE,FALSE,0,0,0
AS,28,N,FALSE,FALSE,0,0,0
AT,28,N,FALSE,FALSE,0,0,0
AU,28,N,FALSE,FALSE,0,0,0
AV,28,N,FALSE,FALSE,0,0,0
AW,28,N,FALSE,FALSE,0,0,0
AX,28,N,FALSE,FALSE,0,0,0
AY,28,N,FALSE,FALSE,0,0,0
AZ,28,N,FALSE,FALSE,0,0,0
BA,28,N,FALSE,FALSE,0,0,0
BB,28,N,FALSE,FALSE,0,0,0
BC,28,N,FALSE,FALSE,0,0,0
BD,28,N,FALSE,FALSE,0,0,0
BE,28,N,FALSE,FALSE,0,0,0
BF,28,N,FALSE,FALSE,0,0,0
BG,28,N,FALSE,FALSE,0,0,0
BH,28,N,FALSE,FALSE,0,0,0
BI,28,N,FALSE,FALSE,0,0,0
BJ,28,N,FALSE,FALSE,0,0,0
BK,28,N,FALSE,FALSE,0,0,0
BL,28,N,FALSE,FALSE,0,0,0
A,29,N,FALSE,FALSE,0,0,0
B,29,N,FALSE,FALSE,0,0,0
C,29,N,FALSE,FALSE,0,0,0
D,29,N,FALSE,FALSE,0,0,0
E,29,N,FALSE,FALSE,0,0,0
F,29,N,FALSE,FALSE,0,0,0
G,29,N,FALSE,FALSE,0,0,0
H,29,N,FALSE,FALSE,0,0,0
I,29,N,FALSE,FALSE,0,0,0
J,29,N,FALSE,FALSE,0,0,0
K,29,N,FALSE,FALSE,0,0,0
L,29,N,FALSE,FALSE,0,0,0
M,29,N,FALSE,FALSE,0,0,0
N,29,N,FALSE,FALSE,0,0,0
O,29,N,FALSE,FALSE,0,0,0
P,29,N,FALSE,FALSE,0,0,0
Q,29,N,FALSE,FALSE,0,0,0
R,29,N,FALSE,FALSE,0,0,0
S,29,N,FALSE,FALSE,0,0,0
T,29,N,FALSE,FALSE,0,0,0
U,29,N,FALSE,FALSE,0,0,0
V,29,N,FALSE,FALSE,0,0,0
W,29,N,FALSE,FALSE,0,0,0
X,29,N,FALSE,FALSE,0,0,0
Y,29,N,FALSE,FALSE,0,0,0
Z,29,N,FALSE,FALSE,0,0,0
AA,29,N,FALSE,FALSE,0,0,0
AB,29,N,FALSE,FALSE,0,0,0
AC,29,N,FALSE,FALSE,0,0,0
AD,29,N,FALSE,FALSE,0,0,0
AE,29,N,FALSE,FALSE,0,0,0
AF,29,N,FALSE,FALSE,0,0,0
AG,29,N,FALSE,FALSE,0,0,0
AH,29,N,FALSE,FALSE,0,0,0
AI,29,N,FALSE,FALSE,0,0,0
AJ,29,N,FALSE,FALSE,0,0,0
AK,29,N,FALSE,FALSE,0,0,0
AL,29,N,FALSE,FALSE,0,0,0
AM,29,N,FALSE,FALSE,0,0,0
AN,29,N,FALSE,FALSE,0,0,0
AO,29,N,FALSE,FALSE,0,0,0
AP,29,N,FALSE,FALSE,0,0,0
AQ,29,N,FALSE,FALSE,0,0,0
AR,29,N,FALSE,FALSE,0,0,0
AS,29,N,FALSE,FALSE,0,0,0
AT,29,N,FALSE,FALSE,0,0,0
AU,29,N,FALSE,FALSE,0,0,0
AV,29,N,FALSE,FALSE,0,0,0
AW,29,N,FALSE,FALSE,0,0,0
AX,29,N,FALSE,FALSE,0,0,0
AY,29,N,FALSE,FALSE,0,0,0
AZ,29,N,FALSE,FALSE,0,0,0
BA,29,N,FALSE,FALSE,0,0,0
BB,29,N,FALSE,FALSE,0,0,0
BC,29,N,FALSE,FALSE,0,0,0
BD,29,N,FALSE,FALSE,0,0,0
BE,29,N,FALSE,FALSE,0,0,0
BF,29,N,FALSE,FALSE,0,0,0
BG,29,N,FALSE,FALSE,0,0,0
BH,29,N,FALSE,FALSE,0,0,0
BI,29,N,FALSE,FALSE,0,0,0
BJ,29,N,FALSE,FALSE,0,0,0
BK,29,N,FALSE,FALSE,0,0,0
BL,29,N,FALSE,FALSE,0,0,0
A,30,N,FALSE,FALSE,0,0,0
B,30,N,FALSE,FALSE,0,0,0
C,30,N,FALSE,FALSE,0,0,0
D,30,N,FALSE,FALSE,0,0,0
E,30,N,FALSE,FALSE,0,0,0
F,30,N,FALSE,FALSE,0,0,0
G,30,N,FALSE,FALSE,0,0,0
H,30,N,FALSE,FALSE,0,0,0
I,30,N,FALSE,FALSE,0,0,0
J,30,N,FALSE,FALSE,0,0,0
K,30,N,FALSE,FALSE,0,0,0
L,30,N,FALSE,FALSE,0,0,0
M,30,N,FALSE,FALSE,0,0,0
N,30,N,FALSE,FALSE,0,0,0
O,30,N,FALSE,FALSE,0,0,0
P,30,N,FALSE,FALSE,0,0,0
Q,30,N,FALSE,FALSE,0,0,0
R,30,N,FALSE,FALSE,0,0,0
S,30,N,FALSE,FALSE,0,0,0
T,30,N,FALSE,FALSE,0,0,0
U,30,N,FALSE,FALSE,0,0,0
V,30,N,FALSE,FALSE,0,0,0
W,30,N,FALSE,FALSE,0,0,0
X,30,N,FALSE,FALSE,0,0,0
Y,30,N,FALSE,FALSE,0,0,0
Z,30,N,FALSE,FALSE,0,0,0
AA,30,N,FALSE,FALSE,0,0,0
AB,30,N,FALSE,FALSE,0,0,0
AC,30,N,FALSE,FALSE,0,0,0
AD,30,N,FALSE,FALSE,0,0,0
AE,30,N,FALSE,FALSE,0,0,0
AF,30,N,FALSE,FALSE,0,0,0
AG,30,N,FALSE,FALSE,0,0,0
AH,30,N,FALSE,FALSE,0,0,0
AI,30,N,FALSE,FALSE,0,0,0
AJ,30,N,FALSE,FALSE,0,0,0
AK,30,N,FALSE,FALSE,0,0,0
AL,30,N,FALSE,FALSE,0,0,0
AM,30,N,FALSE,FALSE,0,0,0
AN,30,N,FALSE,FALSE,0,0,0
AO,30,N,FALSE,FALSE,0,0,0
AP,30,N,FALSE,FALSE,0,0,0
AQ,30,N,FALSE,FALSE,0,0,0
AR,30,N,FALSE,FALSE,0,0,0
AS,30,N,FALSE,FALSE,0,0,0
AT,30,N,FALSE,FALSE,0,0,0
AU,30,N,FALSE,FALSE,0,0,0
AV,30,N,FALSE,FALSE,0,0,0
AW,30,N,FALSE,FALSE,0,0,0
AX,30,N,FALSE,FALSE,0,0,0
AY,30,N,FALSE,FALSE,0,0,0
AZ,30,N,FALSE,FALSE,0,0,0
BA,30,N,FALSE,FALSE,0,0,0
BB,30,N,FALSE,FALSE,0,0,0
BC,30,N,FALSE,FALSE,0,0,0
BD,30,N,FALSE,FALSE,0,0,0
BE,30,N,FALSE,FALSE,0,0,0
BF,30,N,FALSE,FALSE,0,0,0
BG,30,N,FALSE,FALSE,0,0,0
BH,30,N,FALSE,FALSE,0,0,0
BI,30,N,FALSE,FALSE,0,0,0
BJ,30,N,FALSE,FALSE,0,0,0
BK,30,N,FALSE,FALSE,0,0,0
BL,30,N,FALSE,FALSE,0,0,0
A,31,N,FALSE,FALSE,0,0,0
B,31,N,FALSE,FALSE,0,0,0
C,31,N,FALSE,FALSE,0,0,0
D,31,N,FALSE,FALSE,0,0,0
E,31,N,FALSE,FALSE,0,0,0
F,31,N,FALSE,FALSE,0,0,0
G,31,N,FALSE,FALSE,0,0,0
H,31,N,FALSE,FALSE,0,0,0
I,31,N,FALSE,FALSE,0,0,0
J,31,N,FALSE,FALSE,0,0,0
K,31,N,FALSE,FALSE,0,0,0
L,31,N,FALSE,FALSE,0,0,0
M,31,N,FALSE,FALSE,0,0,0
N,31,N,FALSE,FALSE,0,0,0
O,31,N,FALSE,FALSE,0,0,0
P,31,N,FALSE,FALSE,0,0,0
Q,31,N,FALSE,FALSE,0,0,0
R,31,N,FALSE,FALSE,0,0,0
S,31,N,FALSE,FALSE,0,0,0
T,31,N,FALSE,FALSE,0,0,0
U,31,N,FALSE,FALSE,0,0,0
V,31,N,FALSE,FALSE,0,0,0
W,31,N,FALSE,FALSE,0,0,0
X,31,N,FALSE,FALSE,0,0,0
Y,31,N,FALSE,FALSE,0,0,0
Z,31,N,FALSE,FALSE,0,0,0
AA,31,N,FALSE,FALSE,0,0,0
AB,31,N,FALSE,FALSE,0,0,0
AC,31,N,FALSE,FALSE,0,0,0
AD,31,N,FALSE,FALSE,0,0,0
AE,31,N,FALSE,FALSE,0,0,0
AF,31,N,FALSE,FALSE,0,0,0
AG,31,N,FALSE,FALSE,0,0,0
AH,31,N,FALSE,FALSE,0,0,0
AI,31,N,FALSE,FALSE,0,0,0
AJ,31,N,FALSE,FALSE,0,0,0
AK,31,N,FALSE,FALSE,0,0,0
AL,31,N,FALSE,FALSE,0,0,0
AM,31,N,FALSE,FALSE,0,0,0
AN,31,N,FALSE,FALSE,0,0,0
AO,31,N,FALSE,FALSE,0,0,0
AP,31,N,FALSE,FALSE,0,0,0
AQ,31,N,FALSE,FALSE,0,0,0
AR,31,N,FALSE,FALSE,0,0,0
AS,31,N,FALSE,FALSE,0,0,0
AT,31,N,FALSE,FALSE,0,0,0
AU,31,N,FALSE,FALSE,0,0,0
AV,31,N,FALSE,FALSE,0,0,0
AW,31,N,FALSE,FALSE,0,0,0
AX,31,N,FALSE,FALSE,0,0,0
AY,31,N,FALSE,FALSE,0,0,0
AZ,31,N,FALSE,FALSE,0,0,0
BA,31,N,FALSE,FALSE,0,0,0
BB,31,N,FALSE,FALSE,0,0,0
BC,31,N,FALSE,FALSE,0,0,0
BD,31,N,FALSE,FALSE,0,0,0
BE,31,N,FALSE,FALSE,0,0,0
BF,31,N,FALSE,FALSE,0,0,0
BG,31,N,FALSE,FALSE,0,0,0
BH,31,N,FALSE,FALSE,0,0,0
BI,31,N,FALSE,FALSE,0,0,0
BJ,31,N,FALSE,FALSE,0,0,0
BK,31,N,FALSE,FALSE,0,0,0
BL,31,N,FALSE,FALSE,0,0,0
