70,30
A,0,N,FALSE,0,0,0
B,0,N,FALSE,0,0,0
C,0,N,FALSE,0,0,0
D,0,N,FALSE,0,0,0
E,0,N,FALSE,0,0,0
F,0,N,FALSE,0,0,0
G,0,N,FALSE,0,0,0
H,0,N,FALSE,0,0,0
I,0,N,FALSE,0,0,0
J,0,N,FALSE,0,0,0
K,0,N,FALSE,0,0,0
L,0,N,FALSE,0,0,0
M,0,N,FALSE,0,0,0
N,0,N,FALSE,0,0,0
O,0,N,FALSE,0,0,0
P,0,N,FALSE,0,0,0
Q,0,N,FALSE,0,0,0
R,0,N,FALSE,0,0,0
S,0,N,FALSE,0,0,0
T,0,N,FALSE,0,0,0
U,0,N,FALSE,0,0,0
V,0,N,FALSE,0,0,0
W,0,N,FALSE,0,0,0
X,0,N,FALSE,0,0,0
Y,0,N,FALSE,0,0,0
Z,0,N,FALSE,0,0,0
AA,0,N,FALSE,0,0,0
AB,0,N,FALSE,0,0,0
AC,0,N,FALSE,0,0,0
AD,0,N,FALSE,0,0,0
AE,0,N,FALSE,0,0,0
AF,0,N,FALSE,0,0,0
AG,0,N,FALSE,0,0,0
AH,0,N,FALSE,0,0,0
AI,0,N,FALSE,0,0,0
AJ,0,N,FALSE,0,0,0
AK,0,N,FALSE,0,0,0
AL,0,N,FALSE,0,0,0
AM,0,N,FALSE,0,0,0
AN,0,N,FALSE,0,0,0
AO,0,N,FALSE,0,0,0
AP,0,N,FALSE,0,0,0
AQ,0,N,FALSE,0,0,0
AR,0,N,FALSE,0,0,0
AS,0,N,FALSE,0,0,0
AT,0,N,FALSE,0,0,0
AU,0,N,FALSE,0,0,0
AV,0,N,FALSE,0,0,0
AW,0,N,FALSE,0,0,0
AX,0,N,FALSE,0,0,0
AY,0,N,FALSE,0,0,0
AZ,0,N,FALSE,0,0,0
BA,0,N,FALSE,0,0,0
BB,0,N,FALSE,0,0,0
BC,0,N,FALSE,0,0,0
BD,0,N,FALSE,0,0,0
BE,0,N,FALSE,0,0,0
BF,0,N,FALSE,0,0,0
BG,0,N,FALSE,0,0,0
BH,0,N,FALSE,0,0,0
BI,0,N,FALSE,0,0,0
BJ,0,N,FALSE,0,0,0
BK,0,N,FALSE,0,0,0
BL,0,N,FALSE,0,0,0
BM,0,N,FALSE,0,0,0
BN,0,N,FALSE,0,0,0
BO,0,N,FALSE,0,0,0
BP,0,N,FALSE,0,0,0
BQ,0,N,FALSE,0,0,0
BR,0,N,FALSE,0,0,0
A,1,N,FALSE,0,0,0
B,1,N,FALSE,0,0,0
C,1,N,FALSE,0,0,0
D,1,N,FALSE,0,0,0
E,1,N,FALSE,0,0,0
F,1,N,FALSE,0,0,0
G,1,N,FALSE,0,0,0
H,1,N,FALSE,0,0,0
I,1,N,FALSE,0,0,0
J,1,N,FALSE,0,0,0
K,1,N,FALSE,0,0,0
L,1,N,FALSE,0,0,0
M,1,N,FALSE,0,0,0
N,1,N,FALSE,0,0,0
O,1,N,FALSE,0,0,0
P,1,N,FALSE,0,0,0
Q,1,N,FALSE,0,0,0
R,1,N,FALSE,0,0,0
S,1,N,FALSE,0,0,0
T,1,N,FALSE,0,0,0
U,1,N,FALSE,0,0,0
V,1,N,FALSE,0,0,0
W,1,N,FALSE,0,0,0
X,1,N,FALSE,0,0,0
Y,1,N,FALSE,0,0,0
Z,1,N,FALSE,0,0,0
AA,1,N,FALSE,0,0,0
AB,1,N,FALSE,0,0,0
AC,1,N,FALSE,0,0,0
AD,1,N,FALSE,0,0,0
AE,1,N,FALSE,0,0,0
AF,1,N,FALSE,0,0,0
AG,1,N,FALSE,0,0,0
AH,1,N,FALSE,0,0,0
AI,1,N,FALSE,0,0,0
AJ,1,N,FALSE,0,0,0
AK,1,N,FALSE,0,0,0
AL,1,N,FALSE,0,0,0
AM,1,N,FALSE,0,0,0
AN,1,N,FALSE,0,0,0
AO,1,N,FALSE,0,0,0
AP,1,N,FALSE,0,0,0
AQ,1,N,FALSE,0,0,0
AR,1,N,FALSE,0,0,0
AS,1,N,FALSE,0,0,0
AT,1,N,FALSE,0,0,0
AU,1,N,FALSE,0,0,0
AV,1,N,FALSE,0,0,0
AW,1,N,FALSE,0,0,0
AX,1,N,FALSE,0,0,0
AY,1,N,FALSE,0,0,0
AZ,1,N,FALSE,0,0,0
BA,1,N,FALSE,0,0,0
BB,1,N,FALSE,0,0,0
BC,1,N,FALSE,0,0,0
BD,1,N,FALSE,0,0,0
BE,1,N,FALSE,0,0,0
BF,1,N,FALSE,0,0,0
BG,1,N,FALSE,0,0,0
BH,1,N,FALSE,0,0,0
BI,1,N,FALSE,0,0,0
BJ,1,N,FALSE,0,0,0
BK,1,N,FALSE,0,0,0
BL,1,N,FALSE,0,0,0
BM,1,N,FALSE,0,0,0
BN,1,N,FALSE,0,0,0
BO,1,N,FALSE,0,0,0
BP,1,N,FALSE,0,0,0
BQ,1,N,FALSE,0,0,0
BR,1,N,FALSE,0,0,0
A,2,N,FALSE,0,0,0
B,2,N,FALSE,0,0,0
C,2,N,FALSE,0,0,0
D,2,N,FALSE,0,0,0
E,2,N,FALSE,0,0,0
F,2,N,FALSE,0,0,0
G,2,N,FALSE,0,0,0
H,2,N,FALSE,0,0,0
I,2,N,FALSE,0,0,0
J,2,N,FALSE,0,0,0
K,2,N,FALSE,0,0,0
L,2,N,FALSE,0,0,0
M,2,N,FALSE,0,0,0
N,2,N,FALSE,0,0,0
O,2,N,FALSE,0,0,0
P,2,N,FALSE,0,0,0
Q,2,N,FALSE,0,0,0
R,2,N,FALSE,0,0,0
S,2,N,FALSE,0,0,0
T,2,N,FALSE,0,0,0
U,2,N,FALSE,0,0,0
V,2,S,FALSE,0,5,1208,1237,1165,1212,1210,0
W,2,S,FALSE,0,6,1251,1154,1226,1230,1145,1242,0
X,2,N,FALSE,0,0,0
Y,2,N,FALSE,0,0,0
Z,2,N,FALSE,0,0,0
AA,2,N,FALSE,0,0,0
AB,2,N,FALSE,0,0,0
AC,2,N,FALSE,0,0,0
AD,2,N,FALSE,0,0,0
AE,2,N,FALSE,0,0,0
AF,2,N,FALSE,0,0,0
AG,2,N,FALSE,0,0,0
AH,2,N,FALSE,0,0,0
AI,2,N,FALSE,0,0,0
AJ,2,N,FALSE,0,0,0
AK,2,N,FALSE,0,0,0
AL,2,N,FALSE,0,0,0
AM,2,N,FALSE,0,0,0
AN,2,N,FALSE,0,0,0
AO,2,N,FALSE,0,0,0
AP,2,N,FALSE,0,0,0
AQ,2,N,FALSE,0,0,0
AR,2,N,FALSE,0,0,0
AS,2,N,FALSE,0,0,0
AT,2,N,FALSE,0,0,0
AU,2,N,FALSE,0,0,0
AV,2,N,FALSE,0,0,0
AW,2,N,FALSE,0,0,0
AX,2,N,FALSE,0,0,0
AY,2,N,FALSE,0,0,0
AZ,2,N,FALSE,0,0,0
BA,2,N,FALSE,0,0,0
BB,2,N,FALSE,0,0,0
BC,2,N,FALSE,0,0,0
BD,2,N,FALSE,0,0,0
BE,2,N,FALSE,0,0,0
BF,2,N,FALSE,0,0,0
BG,2,N,FALSE,0,0,0
BH,2,N,FALSE,0,0,0
BI,2,N,FALSE,0,0,0
BJ,2,N,FALSE,0,0,0
BK,2,N,FALSE,0,0,0
BL,2,N,FALSE,0,0,0
BM,2,N,FALSE,0,0,0
BN,2,N,FALSE,0,0,0
BO,2,N,FALSE,0,0,0
BP,2,N,FALSE,0,0,0
BQ,2,N,FALSE,0,0,0
BR,2,N,FALSE,0,0,0
A,3,N,FALSE,0,0,0
B,3,N,FALSE,0,0,0
C,3,N,FALSE,0,0,0
D,3,N,FALSE,0,0,0
E,3,N,FALSE,0,0,0
F,3,N,FALSE,0,0,0
G,3,N,FALSE,0,0,0
H,3,N,FALSE,0,0,0
I,3,N,FALSE,0,0,0
J,3,N,FALSE,0,0,0
K,3,N,FALSE,0,0,0
L,3,N,FALSE,0,0,0
M,3,N,FALSE,0,0,0
N,3,N,FALSE,0,0,0
O,3,N,FALSE,0,0,0
P,3,N,FALSE,0,0,0
Q,3,N,FALSE,0,0,0
R,3,N,FALSE,0,0,0
S,3,N,FALSE,0,0,0
T,3,N,FALSE,0,0,0
U,3,S,FALSE,0,6,1251,1167,1162,1178,1151,1249,0
V,3,S,FALSE,0,7,1238,1249,1241,1227,1246,1175,1163,0
W,3,N,FALSE,0,0,0
X,3,N,FALSE,0,0,0
Y,3,N,FALSE,0,0,0
Z,3,N,FALSE,0,0,0
AA,3,N,FALSE,0,0,0
AB,3,N,FALSE,0,0,0
AC,3,N,FALSE,0,0,0
AD,3,N,FALSE,0,0,0
AE,3,N,FALSE,0,0,0
AF,3,N,FALSE,0,0,0
AG,3,S,FALSE,0,2,1139,1221,0
AH,3,S,FALSE,0,6,1248,1251,1248,1255,1155,1256,0
AI,3,S,FALSE,0,3,1221,1175,1142,0
AJ,3,S,FALSE,0,4,1207,1218,1231,1172,0
AK,3,S,FALSE,0,3,1154,1143,1210,0
AL,3,N,FALSE,0,0,0
AM,3,N,FALSE,0,0,0
AN,3,N,FALSE,0,0,0
AO,3,N,FALSE,0,0,0
AP,3,N,FALSE,0,0,0
AQ,3,N,FALSE,0,0,0
AR,3,N,FALSE,0,0,0
AS,3,N,FALSE,0,0,0
AT,3,N,FALSE,0,0,0
AU,3,N,FALSE,0,0,0
AV,3,N,FALSE,0,0,0
AW,3,N,FALSE,0,0,0
AX,3,N,FALSE,0,0,0
AY,3,N,FALSE,0,0,0
AZ,3,N,FALSE,0,0,0
BA,3,N,FALSE,0,0,0
BB,3,N,FALSE,0,0,0
BC,3,N,FALSE,0,0,0
BD,3,N,FALSE,0,0,0
BE,3,N,FALSE,0,0,0
BF,3,N,FALSE,0,0,0
BG,3,N,FALSE,0,0,0
BH,3,N,FALSE,0,0,0
BI,3,N,FALSE,0,0,0
BJ,3,N,FALSE,0,0,0
BK,3,N,FALSE,0,0,0
BL,3,N,FALSE,0,0,0
BM,3,N,FALSE,0,0,0
BN,3,N,FALSE,0,0,0
BO,3,N,FALSE,0,0,0
BP,3,N,FALSE,0,0,0
BQ,3,N,FALSE,0,0,0
BR,3,N,FALSE,0,0,0
A,4,N,FALSE,0,0,0
B,4,N,FALSE,0,0,0
C,4,N,FALSE,0,0,0
D,4,N,FALSE,0,0,0
E,4,N,FALSE,0,0,0
F,4,N,FALSE,0,0,0
G,4,N,FALSE,0,0,0
H,4,N,FALSE,0,0,0
I,4,N,FALSE,0,0,0
J,4,N,FALSE,0,0,0
K,4,N,FALSE,0,0,0
L,4,N,FALSE,0,0,0
M,4,N,FALSE,0,0,0
N,4,N,FALSE,0,0,0
O,4,N,FALSE,0,0,0
P,4,N,FALSE,0,0,0
Q,4,N,FALSE,0,0,0
R,4,N,FALSE,0,0,0
S,4,N,FALSE,0,0,0
T,4,N,FALSE,0,0,0
U,4,S,FALSE,0,2,1237,1218,0
V,4,S,FALSE,0,6,1222,1161,1207,1166,1165,1229,0
W,4,N,FALSE,0,0,0
X,4,N,FALSE,0,0,0
Y,4,N,FALSE,0,0,0
Z,4,N,FALSE,0,0,0
AA,4,N,FALSE,0,0,0
AB,4,N,FALSE,0,0,0
AC,4,N,FALSE,0,0,0
AD,4,N,FALSE,0,0,0
AE,4,N,FALSE,0,0,0
AF,4,N,FALSE,0,0,0
AG,4,N,FALSE,0,0,0
AH,4,N,FALSE,0,0,0
AI,4,N,FALSE,0,0,0
AJ,4,N,FALSE,0,0,0
AK,4,N,FALSE,0,0,0
AL,4,N,FALSE,0,0,0
AM,4,N,FALSE,0,0,0
AN,4,N,FALSE,0,0,0
AO,4,N,FALSE,0,0,0
AP,4,N,FALSE,0,0,0
AQ,4,N,FALSE,0,0,0
AR,4,N,FALSE,0,0,0
AS,4,N,FALSE,0,0,0
AT,4,N,FALSE,0,0,0
AU,4,N,FALSE,0,0,0
AV,4,N,FALSE,0,0,0
AW,4,N,FALSE,0,0,0
AX,4,N,FALSE,0,0,0
AY,4,N,FALSE,0,0,0
AZ,4,N,FALSE,0,0,0
BA,4,N,FALSE,0,0,0
BB,4,N,FALSE,0,0,0
BC,4,N,FALSE,0,0,0
BD,4,N,FALSE,0,0,0
BE,4,N,FALSE,0,0,0
BF,4,N,FALSE,0,0,0
BG,4,N,FALSE,0,0,0
BH,4,N,FALSE,0,0,0
BI,4,N,FALSE,0,0,0
BJ,4,N,FALSE,0,0,0
BK,4,N,FALSE,0,0,0
BL,4,N,FALSE,0,0,0
BM,4,N,FALSE,0,0,0
BN,4,N,FALSE,0,0,0
BO,4,N,FALSE,0,0,0
BP,4,N,FALSE,0,0,0
BQ,4,N,FALSE,0,0,0
BR,4,N,FALSE,0,0,0
A,5,N,FALSE,0,0,0
B,5,N,FALSE,0,0,0
C,5,N,FALSE,0,0,0
D,5,N,FALSE,0,0,0
E,5,N,FALSE,0,0,0
F,5,N,FALSE,0,0,0
G,5,N,FALSE,0,0,0
H,5,N,FALSE,0,0,0
I,5,N,FALSE,0,0,0
J,5,N,FALSE,0,0,0
K,5,N,FALSE,0,0,0
L,5,N,FALSE,0,0,0
M,5,N,FALSE,0,0,0
N,5,N,FALSE,0,0,0
O,5,N,FALSE,0,0,0
P,5,N,FALSE,0,0,0
Q,5,N,FALSE,0,0,0
R,5,N,FALSE,0,0,0
S,5,N,FALSE,0,0,0
T,5,N,FALSE,0,0,0
U,5,N,FALSE,0,0,0
V,5,N,FALSE,0,0,0
W,5,N,FALSE,0,0,0
X,5,N,FALSE,0,0,0
Y,5,N,FALSE,0,0,0
Z,5,N,FALSE,0,0,0
AA,5,N,FALSE,0,0,0
AB,5,N,FALSE,0,0,0
AC,5,N,FALSE,0,0,0
AD,5,N,FALSE,0,0,0
AE,5,N,FALSE,0,0,0
AF,5,N,FALSE,0,0,0
AG,5,N,FALSE,0,0,0
AH,5,N,FALSE,0,0,0
AI,5,N,FALSE,0,0,0
AJ,5,S,FALSE,0,2,1156,1226,0
AK,5,S,FALSE,0,7,1170,1150,1256,1148,1177,1188,1176,0
AL,5,N,FALSE,0,0,0
AM,5,N,FALSE,0,0,0
AN,5,N,FALSE,0,0,0
AO,5,N,FALSE,0,0,0
AP,5,N,FALSE,0,0,0
AQ,5,N,FALSE,0,0,0
AR,5,N,FALSE,0,0,0
AS,5,N,FALSE,0,0,0
AT,5,N,FALSE,0,0,0
AU,5,N,FALSE,0,0,0
AV,5,N,FALSE,0,0,0
AW,5,N,FALSE,0,0,0
AX,5,N,FALSE,0,0,0
AY,5,N,FALSE,0,0,0
AZ,5,N,FALSE,0,0,0
BA,5,N,FALSE,0,0,0
BB,5,N,FALSE,0,0,0
BC,5,N,FALSE,0,0,0
BD,5,N,FALSE,0,0,0
BE,5,N,FALSE,0,0,0
BF,5,N,FALSE,0,0,0
BG,5,N,FALSE,0,0,0
BH,5,N,FALSE,0,0,0
BI,5,N,FALSE,0,0,0
BJ,5,N,FALSE,0,0,0
BK,5,N,FALSE,0,0,0
BL,5,N,FALSE,0,0,0
BM,5,N,FALSE,0,0,0
BN,5,N,FALSE,0,0,0
BO,5,N,FALSE,0,0,0
BP,5,N,FALSE,0,0,0
BQ,5,N,FALSE,0,0,0
BR,5,N,FALSE,0,0,0
A,6,N,FALSE,0,0,0
B,6,N,FALSE,0,0,0
C,6,N,FALSE,0,0,0
D,6,N,FALSE,0,0,0
E,6,N,FALSE,0,0,0
F,6,N,FALSE,0,0,0
G,6,N,FALSE,0,0,0
H,6,N,FALSE,0,0,0
I,6,N,FALSE,0,0,0
J,6,N,FALSE,0,0,0
K,6,N,FALSE,0,0,0
L,6,N,FALSE,0,0,0
M,6,N,FALSE,0,0,0
N,6,N,FALSE,0,0,0
O,6,N,FALSE,0,0,0
P,6,N,FALSE,0,0,0
Q,6,N,FALSE,0,0,0
R,6,N,FALSE,0,0,0
S,6,N,FALSE,0,0,0
T,6,N,FALSE,0,0,0
U,6,S,FALSE,0,3,1194,1247,1259,0
V,6,S,FALSE,0,2,1147,1182,0
W,6,P,FALSE,0,0,6,1254,1206,1241,1231,1195,1209
X,6,P,FALSE,0,0,7,1228,1216,1183,1246,1174,1192,1140
Y,6,P,FALSE,0,0,2,1237,1225
Z,6,P,FALSE,0,0,7,1243,1153,1139,1258,1212,1195,1252
AA,6,S,FALSE,0,2,1222,1164,0
AB,6,S,FALSE,0,4,1236,1227,1185,1190,0
AC,6,S,FALSE,0,4,1184,1162,1217,1196,0
AD,6,N,FALSE,0,0,0
AE,6,N,FALSE,0,0,0
AF,6,N,FALSE,0,0,0
AG,6,N,FALSE,0,0,0
AH,6,N,FALSE,0,0,0
AI,6,N,FALSE,0,0,0
AJ,6,N,FALSE,0,0,0
AK,6,N,FALSE,0,0,0
AL,6,N,FALSE,0,0,0
AM,6,N,FALSE,0,0,0
AN,6,N,FALSE,0,0,0
AO,6,N,FALSE,0,0,0
AP,6,N,FALSE,0,0,0
AQ,6,N,FALSE,0,0,0
AR,6,N,FALSE,0,0,0
AS,6,N,FALSE,0,0,0
AT,6,N,FALSE,0,0,0
AU,6,N,FALSE,0,0,0
AV,6,N,FALSE,0,0,0
AW,6,N,FALSE,0,0,0
AX,6,N,FALSE,0,0,0
AY,6,N,FALSE,0,0,0
AZ,6,N,FALSE,0,0,0
BA,6,N,FALSE,0,0,0
BB,6,N,FALSE,0,0,0
BC,6,N,FALSE,0,0,0
BD,6,N,FALSE,0,0,0
BE,6,N,FALSE,0,0,0
BF,6,N,FALSE,0,0,0
BG,6,N,FALSE,0,0,0
BH,6,N,FALSE,0,0,0
BI,6,N,FALSE,0,0,0
BJ,6,N,FALSE,0,0,0
BK,6,N,FALSE,0,0,0
BL,6,N,FALSE,0,0,0
BM,6,N,FALSE,0,0,0
BN,6,N,FALSE,0,0,0
BO,6,N,FALSE,0,0,0
BP,6,N,FALSE,0,0,0
BQ,6,N,FALSE,0,0,0
BR,6,N,FALSE,0,0,0
A,7,N,FALSE,0,0,0
B,7,N,FALSE,0,0,0
C,7,N,FALSE,0,0,0
D,7,N,FALSE,0,0,0
E,7,N,FALSE,0,0,0
F,7,S,FALSE,0,2,1189,1193,0
G,7,S,FALSE,0,5,1184,1153,1138,1186,1248,0
H,7,S,FALSE,0,7,1139,1248,1202,1146,1197,1233,1170,0
I,7,S,FALSE,0,3,1158,1174,1191,0
J,7,S,FALSE,0,2,1201,1220,0
K,7,S,FALSE,0,4,1184,1204,1201,1215,0
L,7,S,FALSE,0,7,1160,1220,1189,1147,1207,1138,1207,0
M,7,S,FALSE,0,6,1173,1157,1230,1213,1170,1149,0
N,7,S,FALSE,0,4,1204,1172,1162,1149,0
O,7,S,FALSE,0,2,1194,1226,0
P,7,S,FALSE,0,3,1202,1142,1164,0
Q,7,S,FALSE,0,1,1232,0
R,7,S,FALSE,0,3,1214,1253,1222,0
S,7,S,FALSE,0,1,1163,0
T,7,N,FALSE,0,0,0
U,7,S,FALSE,0,6,1176,1138,1243,1249,1163,1195,0
V,7,P,FALSE,0,0,2,1247,1147
W,7,P,FALSE,0,0,3,1200,1217,1220
X,7,P,FALSE,0,0,4,1161,1216,1182,1163
Y,7,P,FALSE,0,0,6,1214,1252,1261,1239,1214,1192
Z,7,P,FALSE,0,0,5,1205,1190,1145,1168,1184
AA,7,S,FALSE,0,5,1179,1192,1255,1242,1141,0
AB,7,S,FALSE,0,5,1216,1228,1224,1152,1175,0
AC,7,S,FALSE,0,5,1184,1204,1174,1180,1164,0
AD,7,N,FALSE,0,0,0
AE,7,N,FALSE,0,0,0
AF,7,N,FALSE,0,0,0
AG,7,N,FALSE,0,0,0
AH,7,N,FALSE,0,0,0
AI,7,N,FALSE,0,0,0
AJ,7,N,FALSE,0,0,0
AK,7,N,FALSE,0,0,0
AL,7,P,FALSE,0,0,6,1223,1209,1181,1212,1251,1232
AM,7,P,FALSE,0,0,6,1211,1193,1205,1205,1182,1180
AN,7,P,FALSE,0,0,7,1240,1138,1228,1138,1259,1192,1154
AO,7,P,FALSE,0,0,5,1236,1218,1141,1242,1245
AP,7,P,FALSE,0,0,3,1211,1236,1229
AQ,7,N,FALSE,0,0,0
AR,7,N,FALSE,0,0,0
AS,7,N,FALSE,0,0,0
AT,7,N,FALSE,0,0,0
AU,7,N,FALSE,0,0,0
AV,7,N,FALSE,0,0,0
AW,7,N,FALSE,0,0,0
AX,7,N,FALSE,0,0,0
AY,7,S,FALSE,0,6,1173,1261,1199,1222,1191,1145,0
AZ,7,S,FALSE,0,4,1185,1178,1209,1181,0
BA,7,S,FALSE,0,6,1145,1179,1186,1229,1248,1184,0
BB,7,S,FALSE,0,2,1154,1212,0
BC,7,N,FALSE,0,0,0
BD,7,N,FALSE,0,0,0
BE,7,N,FALSE,0,0,0
BF,7,N,FALSE,0,0,0
BG,7,N,FALSE,0,0,0
BH,7,N,FALSE,0,0,0
BI,7,N,FALSE,0,0,0
BJ,7,N,FALSE,0,0,0
BK,7,N,FALSE,0,0,0
BL,7,N,FALSE,0,0,0
BM,7,N,FALSE,0,0,0
BN,7,N,FALSE,0,0,0
BO,7,N,FALSE,0,0,0
BP,7,N,FALSE,0,0,0
BQ,7,N,FALSE,0,0,0
BR,7,N,FALSE,0,0,0
A,8,N,FALSE,0,0,0
B,8,N,FALSE,0,0,0
C,8,N,FALSE,0,0,0
D,8,N,FALSE,0,0,0
E,8,N,FALSE,0,0,0
F,8,S,FALSE,0,4,1171,1156,1177,1142,0
G,8,S,FALSE,0,7,1167,1218,1182,1244,1209,1256,1160,0
H,8,N,FALSE,0,0,0
I,8,N,FALSE,0,0,0
J,8,N,FALSE,0,0,0
K,8,N,FALSE,0,0,0
L,8,S,FALSE,0,2,1156,1232,0
M,8,S,FALSE,0,1,1147,0
N,8,S,FALSE,0,7,1178,1258,1225,1171,1168,1140,1161,0
O,8,S,FALSE,0,2,1232,1214,0
P,8,S,FALSE,0,6,1158,1261,1144,1232,1143,1246,0
Q,8,S,FALSE,0,1,1215,0
R,8,S,FALSE,0,7,1146,1199,1201,1150,1217,1157,1176,0
S,8,N,FALSE,0,0,0
T,8,S,FALSE,0,6,1162,1167,1220,1179,1202,1194,0
U,8,S,FALSE,0,1,1193,0
V,8,S,FALSE,0,6,1251,1240,1179,1168,1178,1168,0
W,8,S,FALSE,0,5,1211,1253,1218,1190,1236,0
X,8,S,FALSE,0,4,1216,1233,1174,1250,0
Y,8,S,FALSE,0,1,1177,0
Z,8,P,FALSE,0,0,1,1220
AA,8,S,FALSE,0,2,1244,1205,0
AB,8,S,FALSE,0,3,1150,1194,1195,0
AC,8,S,FALSE,0,7,1152,1249,1248,1164,1206,1187,1199,0
AD,8,S,FALSE,0,4,1171,1173,1230,1257,0
AE,8,S,FALSE,0,2,1187,1242,0
AF,8,S,FALSE,0,2,1187,1138,0
AG,8,S,FALSE,0,6,1192,1224,1255,1202,1254,1174,0
AH,8,S,FALSE,0,5,1260,1259,1226,1187,1144,0
AI,8,S,FALSE,0,7,1175,1196,1218,1229,1176,1206,1177,0
AJ,8,P,FALSE,0,0,7,1214,1215,1149,1213,1247,1222,1175
AK,8,P,FALSE,0,0,7,1252,1230,1184,1205,1211,1248,1214
AL,8,P,FALSE,0,0,5,1246,1212,1199,1209,1203
AM,8,P,FALSE,0,0,2,1232,1221
AN,8,P,FALSE,0,0,4,1231,1231,1191,1201
AO,8,P,FALSE,0,0,3,1209,1228,1241
AP,8,P,FALSE,0,0,7,1169,1240,1160,1202,1249,1211,1245
AQ,8,P,FALSE,0,0,2,1141,1217
AR,8,N,FALSE,0,0,0
AS,8,N,FALSE,0,0,0
AT,8,N,FALSE,0,0,0
AU,8,N,FALSE,0,0,0
AV,8,N,FALSE,0,0,0
AW,8,N,FALSE,0,0,0
AX,8,S,FALSE,0,4,1146,1219,1177,1205,0
AY,8,S,FALSE,0,2,1191,1234,0
AZ,8,S,FALSE,0,3,1239,1220,1178,0
BA,8,N,FALSE,0,0,0
BB,8,N,FALSE,0,0,0
BC,8,N,FALSE,0,0,0
BD,8,N,FALSE,0,0,0
BE,8,N,FALSE,0,0,0
BF,8,N,FALSE,0,0,0
BG,8,N,FALSE,0,0,0
BH,8,N,FALSE,0,0,0
BI,8,N,FALSE,0,0,0
BJ,8,N,FALSE,0,0,0
BK,8,N,FALSE,0,0,0
BL,8,N,FALSE,0,0,0
BM,8,N,FALSE,0,0,0
BN,8,N,FALSE,0,0,0
BO,8,N,FALSE,0,0,0
BP,8,N,FALSE,0,0,0
BQ,8,N,FALSE,0,0,0
BR,8,N,FALSE,0,0,0
A,9,N,FALSE,0,0,0
B,9,N,FALSE,0,0,0
C,9,N,FALSE,0,0,0
D,9,N,FALSE,0,0,0
E,9,N,FALSE,0,0,0
F,9,S,FALSE,0,3,1177,1154,1237,0
G,9,S,FALSE,0,2,1212,1236,0
H,9,S,FALSE,0,7,1234,1157,1217,1234,1192,1167,1204,0
I,9,N,FALSE,0,0,0
J,9,N,FALSE,0,0,0
K,9,N,FALSE,0,0,0
L,9,S,FALSE,0,2,1174,1238,0
M,9,S,FALSE,0,3,1194,1251,1239,0
N,9,S,FALSE,0,2,1213,1223,0
O,9,S,FALSE,0,3,1164,1141,1157,0
P,9,S,FALSE,0,3,1255,1191,1248,0
Q,9,S,FALSE,0,1,1177,0
R,9,S,FALSE,0,7,1257,1144,1219,1150,1151,1161,1184,0
S,9,N,FALSE,0,0,0
T,9,N,FALSE,0,0,0
U,9,N,FALSE,0,0,0
V,9,S,FALSE,0,4,1211,1192,1205,1207,0
W,9,S,FALSE,0,6,1150,1208,1142,1239,1260,1221,0
X,9,S,FALSE,0,5,1228,1138,1192,1219,1146,0
Y,9,S,FALSE,0,6,1254,1214,1260,1233,1219,1187,0
Z,9,S,FALSE,0,3,1163,1238,1209,0
AA,9,N,FALSE,0,0,0
AB,9,N,FALSE,0,0,0
AC,9,N,FALSE,0,0,0
AD,9,N,FALSE,0,0,0
AE,9,N,FALSE,0,0,0
AF,9,N,FALSE,0,0,0
AG,9,N,FALSE,0,0,0
AH,9,N,FALSE,0,0,0
AI,9,N,FALSE,0,0,0
AJ,9,N,FALSE,0,0,0
AK,9,P,FALSE,0,0,2,1245,1182
AL,9,P,FALSE,0,0,4,1244,1254,1156,1207
AM,9,P,FALSE,0,0,4,1177,1157,1179,1145
AN,9,P,FALSE,0,0,5,1168,1194,1171,1220,1200
AO,9,P,FALSE,0,0,1,1210
AP,9,P,FALSE,0,0,5,1244,1159,1220,1209,1215
AQ,9,N,FALSE,0,0,0
AR,9,N,FALSE,0,0,0
AS,9,N,FALSE,0,0,0
AT,9,N,FALSE,0,0,0
AU,9,N,FALSE,0,0,0
AV,9,S,FALSE,0,5,1144,1239,1192,1215,1236,0
AW,9,S,FALSE,0,5,1170,1154,1205,1190,1233,0
AX,9,S,FALSE,0,6,1156,1256,1170,1217,1212,1229,0
AY,9,S,FALSE,0,7,1225,1203,1226,1178,1232,1241,1233,0
AZ,9,S,FALSE,0,1,1159,0
BA,9,N,FALSE,0,0,0
BB,9,N,FALSE,0,0,0
BC,9,N,FALSE,0,0,0
BD,9,N,FALSE,0,0,0
BE,9,N,FALSE,0,0,0
BF,9,N,FALSE,0,0,0
BG,9,N,FALSE,0,0,0
BH,9,N,FALSE,0,0,0
BI,9,N,FALSE,0,0,0
BJ,9,N,FALSE,0,0,0
BK,9,N,FALSE,0,0,0
BL,9,N,FALSE,0,0,0
BM,9,N,FALSE,0,0,0
BN,9,N,FALSE,0,0,0
BO,9,N,FALSE,0,0,0
BP,9,N,FALSE,0,0,0
BQ,9,N,FALSE,0,0,0
BR,9,N,FALSE,0,0,0
A,10,N,FALSE,0,0,0
B,10,N,FALSE,0,0,0
C,10,N,FALSE,0,0,0
D,10,N,FALSE,0,0,0
E,10,N,FALSE,0,0,0
F,10,S,FALSE,0,4,1251,1183,1235,1251,0
G,10,S,FALSE,0,3,1217,1226,1174,0
H,10,S,FALSE,0,7,1214,1215,1239,1199,1203,1234,1142,0
I,10,N,FALSE,0,0,0
J,10,N,FALSE,0,0,0
K,10,N,FALSE,0,0,0
L,10,S,FALSE,0,7,1227,1190,1190,1198,1175,1152,1185,0
M,10,S,FALSE,0,2,1187,1184,0
N,10,S,FALSE,0,5,1167,1141,1143,1260,1176,0
O,10,S,FALSE,0,3,1220,1187,1235,0
P,10,S,FALSE,0,2,1246,1182,0
Q,10,S,FALSE,0,6,1197,1155,1159,1146,1146,1190,0
R,10,S,FALSE,0,3,1245,1188,1220,0
S,10,N,FALSE,0,0,0
T,10,N,FALSE,0,0,0
U,10,N,FALSE,0,0,0
V,10,N,FALSE,0,0,0
W,10,N,FALSE,0,0,0
X,10,N,FALSE,0,0,0
Y,10,N,FALSE,0,0,0
Z,10,N,FALSE,0,0,0
AA,10,N,FALSE,0,0,0
AB,10,N,FALSE,0,0,0
AC,10,N,FALSE,0,0,0
AD,10,N,FALSE,0,0,0
AE,10,N,FALSE,0,0,0
AF,10,N,FALSE,0,0,0
AG,10,N,FALSE,0,0,0
AH,10,N,FALSE,0,0,0
AI,10,N,FALSE,0,0,0
AJ,10,N,FALSE,0,0,0
AK,10,N,FALSE,0,0,0
AL,10,N,FALSE,0,0,0
AM,10,N,FALSE,0,0,0
AN,10,N,FALSE,0,0,0
AO,10,N,FALSE,0,0,0
AP,10,N,FALSE,0,0,0
AQ,10,N,FALSE,0,0,0
AR,10,N,FALSE,0,0,0
AS,10,N,FALSE,0,0,0
AT,10,N,FALSE,0,0,0
AU,10,N,FALSE,0,0,0
AV,10,S,FALSE,0,2,1217,1260,0
AW,10,S,FALSE,0,4,1152,1155,1218,1251,0
AX,10,S,FALSE,0,6,1189,1146,1247,1208,1176,1201,0
AY,10,S,FALSE,0,3,1262,1221,1200,0
AZ,10,S,FALSE,0,5,1224,1253,1145,1246,1262,0
BA,10,N,FALSE,0,0,0
BB,10,N,FALSE,0,0,0
BC,10,N,FALSE,0,0,0
BD,10,N,FALSE,0,0,0
BE,10,N,FALSE,0,0,0
BF,10,N,FALSE,0,0,0
BG,10,N,FALSE,0,0,0
BH,10,N,FALSE,0,0,0
BI,10,N,FALSE,0,0,0
BJ,10,N,FALSE,0,0,0
BK,10,N,FALSE,0,0,0
BL,10,N,FALSE,0,0,0
BM,10,N,FALSE,0,0,0
BN,10,N,FALSE,0,0,0
BO,10,N,FALSE,0,0,0
BP,10,N,FALSE,0,0,0
BQ,10,N,FALSE,0,0,0
BR,10,N,FALSE,0,0,0
A,11,N,FALSE,0,0,0
B,11,N,FALSE,0,0,0
C,11,N,FALSE,0,0,0
D,11,N,FALSE,0,0,0
E,11,S,FALSE,0,3,1163,1204,1241,0
F,11,S,FALSE,0,2,1153,1245,0
G,11,S,FALSE,0,1,1237,0
H,11,S,FALSE,0,5,1188,1186,1189,1175,1160,0
I,11,S,FALSE,0,6,1224,1139,1178,1199,1153,1250,0
J,11,N,FALSE,0,0,0
K,11,N,FALSE,0,0,0
L,11,N,FALSE,0,0,0
M,11,N,FALSE,0,0,0
N,11,N,FALSE,0,0,0
O,11,N,FALSE,0,0,0
P,11,N,FALSE,0,0,0
Q,11,N,FALSE,0,0,0
R,11,N,FALSE,0,0,0
S,11,N,FALSE,0,0,0
T,11,N,FALSE,0,0,0
U,11,N,FALSE,0,0,0
V,11,N,FALSE,0,0,0
W,11,N,FALSE,0,0,0
X,11,N,FALSE,0,0,0
Y,11,N,FALSE,0,0,0
Z,11,N,FALSE,0,0,0
AA,11,N,FALSE,0,0,0
AB,11,N,FALSE,0,0,0
AC,11,N,FALSE,0,0,0
AD,11,N,FALSE,0,0,0
AE,11,N,FALSE,0,0,0
AF,11,N,FALSE,0,0,0
AG,11,N,FALSE,0,0,0
AH,11,N,FALSE,0,0,0
AI,11,N,FALSE,0,0,0
AJ,11,N,FALSE,0,0,0
AK,11,N,FALSE,0,0,0
AL,11,N,FALSE,0,0,0
AM,11,N,FALSE,0,0,0
AN,11,N,FALSE,0,0,0
AO,11,N,FALSE,0,0,0
AP,11,N,FALSE,0,0,0
AQ,11,N,FALSE,0,0,0
AR,11,S,FALSE,0,7,1251,1234,1153,1223,1205,1139,1205,0
AS,11,S,FALSE,0,2,1223,1142,0
AT,11,S,FALSE,0,5,1221,1188,1262,1148,1196,0
AU,11,S,FALSE,0,4,1197,1152,1245,1233,0
AV,11,S,FALSE,0,7,1165,1203,1235,1219,1225,1227,1153,0
AW,11,S,FALSE,0,2,1178,1143,0
AX,11,S,FALSE,0,3,1200,1175,1244,0
AY,11,S,FALSE,0,6,1177,1183,1249,1187,1250,1158,0
AZ,11,S,FALSE,0,6,1166,1159,1179,1256,1253,1187,0
BA,11,N,FALSE,0,0,0
BB,11,N,FALSE,0,0,0
BC,11,N,FALSE,0,0,0
BD,11,N,FALSE,0,0,0
BE,11,N,FALSE,0,0,0
BF,11,N,FALSE,0,0,0
BG,11,N,FALSE,0,0,0
BH,11,N,FALSE,0,0,0
BI,11,N,FALSE,0,0,0
BJ,11,N,FALSE,0,0,0
BK,11,N,FALSE,0,0,0
BL,11,N,FALSE,0,0,0
BM,11,N,FALSE,0,0,0
BN,11,N,FALSE,0,0,0
BO,11,N,FALSE,0,0,0
BP,11,N,FALSE,0,0,0
BQ,11,N,FALSE,0,0,0
BR,11,N,FALSE,0,0,0
A,12,N,FALSE,0,0,0
B,12,N,FALSE,0,0,0
C,12,N,FALSE,0,0,0
D,12,N,FALSE,0,0,0
E,12,S,FALSE,0,6,1254,1156,1194,1188,1210,1194,0
F,12,S,FALSE,0,4,1219,1219,1218,1175,0
G,12,S,FALSE,0,7,1150,1193,1211,1179,1249,1261,1183,0
H,12,S,FALSE,0,2,1163,1245,0
I,12,S,FALSE,0,1,1260,0
J,12,S,FALSE,0,6,1206,1248,1202,1186,1166,1229,0
K,12,N,FALSE,0,0,0
L,12,N,FALSE,0,0,0
M,12,N,FALSE,0,0,0
N,12,N,FALSE,0,0,0
O,12,N,FALSE,0,0,0
P,12,N,FALSE,0,0,0
Q,12,N,FALSE,0,0,0
R,12,N,FALSE,0,0,0
S,12,N,FALSE,0,0,0
T,12,N,FALSE,0,0,0
U,12,N,FALSE,0,0,0
V,12,N,FALSE,0,0,0
W,12,N,FALSE,0,0,0
X,12,N,FALSE,0,0,0
Y,12,S,FALSE,0,3,1168,1152,1188,0
Z,12,S,FALSE,0,3,1188,1155,1232,0
AA,12,S,FALSE,0,5,1198,1207,1185,1199,1183,0
AB,12,S,FALSE,0,7,1199,1147,1147,1185,1191,1187,1254,0
AC,12,S,FALSE,0,6,1215,1249,1248,1244,1184,1168,0
AD,12,S,FALSE,0,6,1222,1241,1246,1143,1232,1173,0
AE,12,S,FALSE,0,4,1190,1139,1198,1227,0
AF,12,S,FALSE,0,1,1254,0
AG,12,S,FALSE,0,2,1209,1223,0
AH,12,S,FALSE,0,3,1245,1254,1194,0
AI,12,N,FALSE,0,0,0
AJ,12,N,FALSE,0,0,0
AK,12,N,FALSE,0,0,0
AL,12,N,FALSE,0,0,0
AM,12,N,FALSE,0,0,0
AN,12,N,FALSE,0,0,0
AO,12,N,FALSE,0,0,0
AP,12,N,FALSE,0,0,0
AQ,12,N,FALSE,0,0,0
AR,12,S,FALSE,0,4,1214,1152,1151,1231,0
AS,12,S,FALSE,0,6,1230,1204,1162,1191,1211,1210,0
AT,12,S,FALSE,0,2,1154,1171,0
AU,12,S,FALSE,0,4,1159,1236,1142,1230,0
AV,12,S,FALSE,0,2,1222,1245,0
AW,12,N,FALSE,0,0,0
AX,12,N,FALSE,0,0,0
AY,12,N,FALSE,0,0,0
AZ,12,N,FALSE,0,0,0
BA,12,N,FALSE,0,0,0
BB,12,N,FALSE,0,0,0
BC,12,N,FALSE,0,0,0
BD,12,N,FALSE,0,0,0
BE,12,N,FALSE,0,0,0
BF,12,N,FALSE,0,0,0
BG,12,N,FALSE,0,0,0
BH,12,N,FALSE,0,0,0
BI,12,N,FALSE,0,0,0
BJ,12,N,FALSE,0,0,0
BK,12,N,FALSE,0,0,0
BL,12,N,FALSE,0,0,0
BM,12,N,FALSE,0,0,0
BN,12,N,FALSE,0,0,0
BO,12,N,FALSE,0,0,0
BP,12,N,FALSE,0,0,0
BQ,12,N,FALSE,0,0,0
BR,12,N,FALSE,0,0,0
A,13,N,FALSE,0,0,0
B,13,N,FALSE,0,0,0
C,13,N,FALSE,0,0,0
D,13,S,FALSE,0,4,1192,1212,1258,1175,0
E,13,S,FALSE,0,1,1161,0
F,13,S,FALSE,0,4,1169,1231,1159,1177,0
G,13,S,FALSE,0,1,1162,0
H,13,S,FALSE,0,5,1190,1216,1180,1225,1169,0
I,13,N,FALSE,0,0,0
J,13,N,FALSE,0,0,0
K,13,N,FALSE,0,0,0
L,13,N,FALSE,0,0,0
M,13,N,FALSE,0,0,0
N,13,N,FALSE,0,0,0
O,13,N,FALSE,0,0,0
P,13,N,FALSE,0,0,0
Q,13,N,FALSE,0,0,0
R,13,N,FALSE,0,0,0
S,13,N,FALSE,0,0,0
T,13,N,FALSE,0,0,0
U,13,N,FALSE,0,0,0
V,13,N,FALSE,0,0,0
W,13,N,FALSE,0,0,0
X,13,N,FALSE,0,0,0
Y,13,S,FALSE,5,1187,1189,1212,1162,1227,0,0
Z,13,S,FALSE,7,1186,1219,1144,1154,1241,1216,1249,0,0
AA,13,S,FALSE,6,1208,1149,1205,1251,1242,1222,0,0
AB,13,S,FALSE,7,1243,1172,1162,1205,1258,1254,1228,0,0
AC,13,S,FALSE,2,1154,1140,0,0
AD,13,S,FALSE,3,1160,1220,1244,0,0
AE,13,S,FALSE,5,1217,1246,1155,1213,1229,0,0
AF,13,S,FALSE,7,1221,1148,1222,1222,1163,1172,1143,0,0
AG,13,S,FALSE,2,1148,1254,0,0
AH,13,S,FALSE,6,1224,1234,1227,1180,1228,1207,0,0
AI,13,S,FALSE,0,6,1214,1166,1182,1237,1260,1167,0
AJ,13,N,FALSE,0,0,0
AK,13,N,FALSE,0,0,0
AL,13,N,FALSE,0,0,0
AM,13,N,FALSE,0,0,0
AN,13,N,FALSE,0,0,0
AO,13,N,FALSE,0,0,0
AP,13,N,FALSE,0,0,0
AQ,13,N,FALSE,0,0,0
AR,13,S,FALSE,0,5,1193,1210,1200,1145,1205,0
AS,13,S,FALSE,0,1,1253,0
AT,13,S,FALSE,0,6,1219,1246,1172,1238,1161,1247,0
AU,13,S,FALSE,0,6,1221,1192,1166,1154,1214,1185,0
AV,13,S,FALSE,0,7,1184,1161,1219,1217,1207,1182,1247,0
AW,13,N,FALSE,0,0,0
AX,13,N,FALSE,0,0,0
AY,13,N,FALSE,0,0,0
AZ,13,N,FALSE,0,0,0
BA,13,N,FALSE,0,0,0
BB,13,N,FALSE,0,0,0
BC,13,N,FALSE,0,0,0
BD,13,N,FALSE,0,0,0
BE,13,N,FALSE,0,0,0
BF,13,N,FALSE,0,0,0
BG,13,N,FALSE,0,0,0
BH,13,N,FALSE,0,0,0
BI,13,N,FALSE,0,0,0
BJ,13,N,FALSE,0,0,0
BK,13,N,FALSE,0,0,0
BL,13,N,FALSE,0,0,0
BM,13,N,FALSE,0,0,0
BN,13,N,FALSE,0,0,0
BO,13,N,FALSE,0,0,0
BP,13,N,FALSE,0,0,0
BQ,13,N,FALSE,0,0,0
BR,13,N,FALSE,0,0,0
A,14,N,FALSE,0,0,0
B,14,N,FALSE,0,0,0
C,14,N,FALSE,0,0,0
D,14,N,FALSE,0,0,0
E,14,S,FALSE,0,2,1166,1148,0
F,14,S,FALSE,0,1,1233,0
G,14,S,FALSE,0,2,1163,1226,0
H,14,S,FALSE,0,4,1202,1150,1249,1245,0
I,14,N,FALSE,0,0,0
J,14,N,FALSE,0,0,0
K,14,N,FALSE,0,0,0
L,14,N,FALSE,0,0,0
M,14,N,FALSE,0,0,0
N,14,N,FALSE,0,0,0
O,14,S,FALSE,0,1,1233,0
P,14,S,FALSE,0,6,1236,1171,1199,1144,1216,1237,0
Q,14,S,FALSE,0,5,1179,1222,1254,1159,1239,0
R,14,N,FALSE,0,0,0
S,14,N,FALSE,0,0,0
T,14,N,FALSE,0,0,0
U,14,N,FALSE,0,0,0
V,14,N,FALSE,0,0,0
W,14,N,FALSE,0,0,0
X,14,N,FALSE,0,0,0
Y,14,S,FALSE,4,1191,1222,1219,1153,0,0
Z,14,S,FALSE,7,1141,1192,1227,1237,1200,1213,1202,0,0
AA,14,S,FALSE,6,1240,1208,1258,1189,1259,1219,0,0
AB,14,S,FALSE,5,1235,1261,1158,1233,1195,0,0
AC,14,S,FALSE,7,1165,1179,1167,1262,1257,1177,1186,0,0
AD,14,S,FALSE,2,1148,1258,0,0
AE,14,S,FALSE,5,1180,1146,1155,1201,1182,0,0
AF,14,S,FALSE,4,1215,1147,1192,1259,0,0
AG,14,S,FALSE,4,1245,1151,1187,1227,0,0
AH,14,S,FALSE,5,1250,1181,1160,1212,1204,0,0
AI,14,S,FALSE,0,4,1149,1197,1197,1164,0
AJ,14,N,FALSE,0,0,0
AK,14,N,FALSE,0,0,0
AL,14,N,FALSE,0,0,0
AM,14,N,FALSE,0,0,0
AN,14,N,FALSE,0,0,0
AO,14,N,FALSE,0,0,0
AP,14,N,FALSE,0,0,0
AQ,14,N,FALSE,0,0,0
AR,14,S,FALSE,0,3,1158,1170,1183,0
AS,14,S,FALSE,0,3,1250,1206,1227,0
AT,14,S,FALSE,0,2,1203,1177,0
AU,14,S,FALSE,0,6,1200,1188,1144,1252,1238,1161,0
AV,14,S,FALSE,0,1,1219,0
AW,14,N,FALSE,0,0,0
AX,14,N,FALSE,0,0,0
AY,14,N,FALSE,0,0,0
AZ,14,N,FALSE,0,0,0
BA,14,N,FALSE,0,0,0
BB,14,N,FALSE,0,0,0
BC,14,N,FALSE,0,0,0
BD,14,N,FALSE,0,0,0
BE,14,N,FALSE,0,0,0
BF,14,N,FALSE,0,0,0
BG,14,N,FALSE,0,0,0
BH,14,N,FALSE,0,0,0
BI,14,N,FALSE,0,0,0
BJ,14,N,FALSE,0,0,0
BK,14,N,FALSE,0,0,0
BL,14,N,FALSE,0,0,0
BM,14,N,FALSE,0,0,0
BN,14,N,FALSE,0,0,0
BO,14,N,FALSE,0,0,0
BP,14,N,FALSE,0,0,0
BQ,14,N,FALSE,0,0,0
BR,14,N,FALSE,0,0,0
A,15,N,FALSE,0,0,0
B,15,N,FALSE,0,0,0
C,15,N,FALSE,0,0,0
D,15,N,FALSE,0,0,0
E,15,S,FALSE,0,2,1143,1213,0
F,15,S,FALSE,0,2,1160,1167,0
G,15,S,FALSE,0,5,1242,1189,1255,1253,1237,0
H,15,S,FALSE,0,7,1221,1177,1244,1207,1250,1252,1258,0
I,15,S,FALSE,0,5,1211,1183,1236,1139,1223,0
J,15,N,FALSE,0,0,0
K,15,N,FALSE,0,0,0
L,15,N,FALSE,0,0,0
M,15,N,FALSE,0,0,0
N,15,S,FALSE,0,5,1169,1215,1140,1200,1232,0
O,15,S,FALSE,0,3,1251,1179,1206,0
P,15,S,FALSE,0,3,1147,1220,1237,0
Q,15,S,FALSE,0,6,1182,1245,1190,1174,1230,1158,0
R,15,N,FALSE,0,0,0
S,15,N,FALSE,0,0,0
T,15,N,FALSE,0,0,0
U,15,N,FALSE,0,0,0
V,15,N,FALSE,0,0,0
W,15,N,FALSE,0,0,0
X,15,S,FALSE,1,1196,0,0
Y,15,S,FALSE,5,1225,1200,1150,1144,1212,0,0
Z,15,S,FALSE,3,1204,1162,1203,0,0
AA,15,S,FALSE,4,1242,1213,1201,1145,0,0
AB,15,S,FALSE,7,1201,1220,1210,1228,1172,1182,1219,0,0
AC,15,S,FALSE,5,1147,1261,1179,1162,1237,0,0
AD,15,S,FALSE,3,1167,1150,1261,0,0
AE,15,S,FALSE,3,1219,1166,1220,0,0
AF,15,S,FALSE,2,1240,1201,0,0
AG,15,S,FALSE,6,1154,1214,1219,1189,1218,1258,0,0
AH,15,S,FALSE,2,1181,1143,0,0
AI,15,S,FALSE,0,3,1188,1236,1222,0
AJ,15,N,FALSE,0,0,0
AK,15,N,FALSE,0,0,0
AL,15,N,FALSE,0,0,0
AM,15,N,FALSE,0,0,0
AN,15,N,FALSE,0,0,0
AO,15,N,FALSE,0,0,0
AP,15,N,FALSE,0,0,0
AQ,15,N,FALSE,0,0,0
AR,15,S,FALSE,0,2,1224,1217,0
AS,15,S,FALSE,0,3,1227,1224,1160,0
AT,15,S,FALSE,0,4,1227,1188,1249,1173,0
AU,15,S,FALSE,0,5,1147,1150,1188,1201,1164,0
AV,15,S,FALSE,0,5,1174,1159,1224,1247,1190,0
AW,15,S,FALSE,0,7,1229,1179,1235,1241,1156,1146,1171,0
AX,15,N,FALSE,0,0,0
AY,15,N,FALSE,0,0,0
AZ,15,N,FALSE,0,0,0
BA,15,N,FALSE,0,0,0
BB,15,N,FALSE,0,0,0
BC,15,N,FALSE,0,0,0
BD,15,N,FALSE,0,0,0
BE,15,N,FALSE,0,0,0
BF,15,N,FALSE,0,0,0
BG,15,N,FALSE,0,0,0
BH,15,N,FALSE,0,0,0
BI,15,N,FALSE,0,0,0
BJ,15,N,FALSE,0,0,0
BK,15,N,FALSE,0,0,0
BL,15,N,FALSE,0,0,0
BM,15,N,FALSE,0,0,0
BN,15,N,FALSE,0,0,0
BO,15,N,FALSE,0,0,0
BP,15,N,FALSE,0,0,0
BQ,15,N,FALSE,0,0,0
BR,15,N,FALSE,0,0,0
A,16,N,FALSE,0,0,0
B,16,N,FALSE,0,0,0
C,16,N,FALSE,0,0,0
D,16,N,FALSE,0,0,0
E,16,S,FALSE,0,2,1227,1195,0
F,16,S,FALSE,0,4,1177,1242,1202,1199,0
G,16,S,FALSE,0,4,1251,1243,1172,1139,0
H,16,S,FALSE,0,3,1178,1141,1247,0
I,16,S,FALSE,0,2,1229,1161,0
J,16,N,FALSE,0,0,0
K,16,N,FALSE,0,0,0
L,16,N,FALSE,0,0,0
M,16,N,FALSE,0,0,0
N,16,N,FALSE,0,0,0
O,16,N,FALSE,0,0,0
P,16,N,FALSE,0,0,0
Q,16,N,FALSE,0,0,0
R,16,N,FALSE,0,0,0
S,16,N,FALSE,0,0,0
T,16,N,FALSE,0,0,0
U,16,N,FALSE,0,0,0
V,16,N,FALSE,0,0,0
W,16,N,FALSE,0,0,0
X,16,S,FALSE,3,1214,1250,1222,0,0
Y,16,S,FALSE,1,1213,0,0
Z,16,S,FALSE,4,1259,1154,1256,1255,0,0
AA,16,S,FALSE,3,1248,1180,1147,0,0
AB,16,S,FALSE,5,1192,1222,1162,1175,1194,0,0
AC,16,S,FALSE,5,1241,1147,1204,1182,1142,0,0
AD,16,S,FALSE,6,1158,1176,1241,1222,1155,1193,0,0
AE,16,S,FALSE,7,1216,1184,1247,1245,1256,1192,1151,0,0
AF,16,S,FALSE,6,1139,1258,1249,1244,1181,1171,0,0
AG,16,S,FALSE,1,1247,0,0
AH,16,S,FALSE,2,1212,1252,0,0
AI,16,S,FALSE,0,7,1207,1245,1223,1239,1230,1175,1163,0
AJ,16,N,FALSE,0,0,0
AK,16,N,FALSE,0,0,0
AL,16,N,FALSE,0,0,0
AM,16,N,FALSE,0,0,0
AN,16,N,FALSE,0,0,0
AO,16,N,FALSE,0,0,0
AP,16,N,FALSE,0,0,0
AQ,16,N,FALSE,0,0,0
AR,16,S,FALSE,0,1,1243,0
AS,16,S,FALSE,0,1,1228,0
AT,16,S,FALSE,0,1,1173,0
AU,16,S,FALSE,0,7,1192,1178,1185,1208,1258,1141,1214,0
AV,16,S,FALSE,0,4,1254,1162,1233,1140,0
AW,16,S,FALSE,0,2,1180,1236,0
AX,16,S,FALSE,0,6,1142,1208,1217,1228,1189,1183,0
AY,16,N,FALSE,0,0,0
AZ,16,N,FALSE,0,0,0
BA,16,N,FALSE,0,0,0
BB,16,N,FALSE,0,0,0
BC,16,N,FALSE,0,0,0
BD,16,N,FALSE,0,0,0
BE,16,N,FALSE,0,0,0
BF,16,N,FALSE,0,0,0
BG,16,N,FALSE,0,0,0
BH,16,N,FALSE,0,0,0
BI,16,N,FALSE,0,0,0
BJ,16,N,FALSE,0,0,0
BK,16,N,FALSE,0,0,0
BL,16,N,FALSE,0,0,0
BM,16,N,FALSE,0,0,0
BN,16,N,FALSE,0,0,0
BO,16,N,FALSE,0,0,0
BP,16,N,FALSE,0,0,0
BQ,16,N,FALSE,0,0,0
BR,16,N,FALSE,0,0,0
A,17,N,FALSE,0,0,0
B,17,N,FALSE,0,0,0
C,17,N,FALSE,0,0,0
D,17,N,FALSE,0,0,0
E,17,S,FALSE,0,1,1145,0
F,17,S,FALSE,0,4,1154,1189,1236,1174,0
G,17,S,FALSE,0,1,1213,0
H,17,S,FALSE,0,6,1196,1227,1240,1184,1158,1145,0
I,17,N,FALSE,0,0,0
J,17,N,FALSE,0,0,0
K,17,N,FALSE,0,0,0
L,17,N,FALSE,0,0,0
M,17,N,FALSE,0,0,0
N,17,N,FALSE,0,0,0
O,17,N,FALSE,0,0,0
P,17,N,FALSE,0,0,0
Q,17,N,FALSE,0,0,0
R,17,N,FALSE,0,0,0
S,17,N,FALSE,0,0,0
T,17,N,FALSE,0,0,0
U,17,N,FALSE,0,0,0
V,17,N,FALSE,0,0,0
W,17,N,FALSE,0,0,0
X,17,N,FALSE,0,0,0
Y,17,S,FALSE,0,4,1253,1233,1241,1176,0
Z,17,S,FALSE,0,2,1231,1175,0
AA,17,S,FALSE,0,3,1237,1174,1192,0
AB,17,S,FALSE,0,1,1242,0
AC,17,S,FALSE,0,5,1229,1184,1202,1177,1253,0
AD,17,S,FALSE,0,2,1199,1170,0
AE,17,S,FALSE,0,3,1217,1257,1250,0
AF,17,S,FALSE,0,3,1185,1223,1184,0
AG,17,S,FALSE,0,3,1145,1142,1228,0
AH,17,S,FALSE,0,7,1229,1212,1228,1166,1187,1212,1222,0
AI,17,N,FALSE,0,0,0
AJ,17,N,FALSE,0,0,0
AK,17,N,FALSE,0,0,0
AL,17,N,FALSE,0,0,0
AM,17,N,FALSE,0,0,0
AN,17,N,FALSE,0,0,0
AO,17,N,FALSE,0,0,0
AP,17,N,FALSE,0,0,0
AQ,17,N,FALSE,0,0,0
AR,17,S,FALSE,0,6,1235,1246,1212,1206,1258,1199,0
AS,17,S,FALSE,0,1,1170,0
AT,17,S,FALSE,0,1,1255,0
AU,17,S,FALSE,0,3,1168,1258,1184,0
AV,17,S,FALSE,0,1,1225,0
AW,17,S,FALSE,0,1,1218,0
AX,17,S,FALSE,0,1,1176,0
AY,17,N,FALSE,0,0,0
AZ,17,N,FALSE,0,0,0
BA,17,N,FALSE,0,0,0
BB,17,N,FALSE,0,0,0
BC,17,N,FALSE,0,0,0
BD,17,N,FALSE,0,0,0
BE,17,N,FALSE,0,0,0
BF,17,N,FALSE,0,0,0
BG,17,N,FALSE,0,0,0
BH,17,N,FALSE,0,0,0
BI,17,N,FALSE,0,0,0
BJ,17,N,FALSE,0,0,0
BK,17,N,FALSE,0,0,0
BL,17,N,FALSE,0,0,0
BM,17,N,FALSE,0,0,0
BN,17,N,FALSE,0,0,0
BO,17,N,FALSE,0,0,0
BP,17,N,FALSE,0,0,0
BQ,17,N,FALSE,0,0,0
BR,17,N,FALSE,0,0,0
A,18,N,FALSE,0,0,0
B,18,N,FALSE,0,0,0
C,18,N,FALSE,0,0,0
D,18,N,FALSE,0,0,0
E,18,S,FALSE,0,1,1206,0
F,18,S,FALSE,0,7,1237,1194,1218,1260,1236,1159,1184,0
G,18,S,FALSE,0,6,1232,1261,1209,1175,1144,1230,0
H,18,S,FALSE,0,6,1229,1239,1262,1187,1249,1188,0
I,18,N,FALSE,0,0,0
J,18,N,FALSE,0,0,0
K,18,N,FALSE,0,0,0
L,18,N,FALSE,0,0,0
M,18,N,FALSE,0,0,0
N,18,N,FALSE,0,0,0
O,18,N,FALSE,0,0,0
P,18,N,FALSE,0,0,0
Q,18,N,FALSE,0,0,0
R,18,N,FALSE,0,0,0
S,18,N,FALSE,0,0,0
T,18,N,FALSE,0,0,0
U,18,N,FALSE,0,0,0
V,18,N,FALSE,0,0,0
W,18,N,FALSE,0,0,0
X,18,N,FALSE,0,0,0
Y,18,N,FALSE,0,0,0
Z,18,N,FALSE,0,0,0
AA,18,N,FALSE,0,0,0
AB,18,N,FALSE,0,0,0
AC,18,N,FALSE,0,0,0
AD,18,N,FALSE,0,0,0
AE,18,N,FALSE,0,0,0
AF,18,N,FALSE,0,0,0
AG,18,N,FALSE,0,0,0
AH,18,N,FALSE,0,0,0
AI,18,N,FALSE,0,0,0
AJ,18,N,FALSE,0,0,0
AK,18,N,FALSE,0,0,0
AL,18,N,FALSE,0,0,0
AM,18,N,FALSE,0,0,0
AN,18,N,FALSE,0,0,0
AO,18,N,FALSE,0,0,0
AP,18,N,FALSE,0,0,0
AQ,18,N,FALSE,0,0,0
AR,18,S,FALSE,0,3,1239,1205,1192,0
AS,18,S,FALSE,0,7,1231,1152,1203,1182,1172,1248,1214,0
AT,18,S,FALSE,0,5,1252,1180,1242,1257,1166,0
AU,18,S,FALSE,0,7,1220,1143,1237,1209,1233,1196,1204,0
AV,18,S,FALSE,0,5,1173,1190,1174,1225,1156,0
AW,18,N,FALSE,0,0,0
AX,18,N,FALSE,0,0,0
AY,18,N,FALSE,0,0,0
AZ,18,N,FALSE,0,0,0
BA,18,N,FALSE,0,0,0
BB,18,N,FALSE,0,0,0
BC,18,N,FALSE,0,0,0
BD,18,N,FALSE,0,0,0
BE,18,N,FALSE,0,0,0
BF,18,N,FALSE,0,0,0
BG,18,N,FALSE,0,0,0
BH,18,N,FALSE,0,0,0
BI,18,N,FALSE,0,0,0
BJ,18,N,FALSE,0,0,0
BK,18,N,FALSE,0,0,0
BL,18,N,FALSE,0,0,0
BM,18,N,FALSE,0,0,0
BN,18,N,FALSE,0,0,0
BO,18,N,FALSE,0,0,0
BP,18,N,FALSE,0,0,0
BQ,18,N,FALSE,0,0,0
BR,18,N,FALSE,0,0,0
A,19,N,FALSE,0,0,0
B,19,N,FALSE,0,0,0
C,19,N,FALSE,0,0,0
D,19,N,FALSE,0,0,0
E,19,S,FALSE,0,4,1138,1234,1218,1151,0
F,19,S,FALSE,0,5,1226,1156,1186,1140,1173,0
G,19,S,FALSE,0,5,1225,1225,1226,1146,1223,0
H,19,S,FALSE,0,5,1262,1222,1161,1141,1168,0
I,19,N,FALSE,0,0,0
J,19,N,FALSE,0,0,0
K,19,N,FALSE,0,0,0
L,19,N,FALSE,0,0,0
M,19,N,FALSE,0,0,0
N,19,N,FALSE,0,0,0
O,19,N,FALSE,0,0,0
P,19,N,FALSE,0,0,0
Q,19,N,FALSE,0,0,0
R,19,N,FALSE,0,0,0
S,19,N,FALSE,0,0,0
T,19,N,FALSE,0,0,0
U,19,N,FALSE,0,0,0
V,19,N,FALSE,0,0,0
W,19,N,FALSE,0,0,0
X,19,N,FALSE,0,0,0
Y,19,N,FALSE,0,0,0
Z,19,N,FALSE,0,0,0
AA,19,N,FALSE,0,0,0
AB,19,N,FALSE,0,0,0
AC,19,N,FALSE,0,0,0
AD,19,N,FALSE,0,0,0
AE,19,N,FALSE,0,0,0
AF,19,N,FALSE,0,0,0
AG,19,N,FALSE,0,0,0
AH,19,N,FALSE,0,0,0
AI,19,N,FALSE,0,0,0
AJ,19,N,FALSE,0,0,0
AK,19,N,FALSE,0,0,0
AL,19,N,FALSE,0,0,0
AM,19,N,FALSE,0,0,0
AN,19,N,FALSE,0,0,0
AO,19,N,FALSE,0,0,0
AP,19,N,FALSE,0,0,0
AQ,19,N,FALSE,0,0,0
AR,19,S,FALSE,0,7,1200,1202,1230,1164,1149,1253,1213,0
AS,19,S,FALSE,0,2,1212,1226,0
AT,19,S,FALSE,0,4,1161,1182,1201,1250,0
AU,19,S,FALSE,0,6,1244,1197,1160,1182,1259,1234,0
AV,19,S,FALSE,0,6,1215,1172,1188,1197,1187,1165,0
AW,19,N,FALSE,0,0,0
AX,19,N,FALSE,0,0,0
AY,19,N,FALSE,0,0,0
AZ,19,N,FALSE,0,0,0
BA,19,N,FALSE,0,0,0
BB,19,N,FALSE,0,0,0
BC,19,N,FALSE,0,0,0
BD,19,N,FALSE,0,0,0
BE,19,N,FALSE,0,0,0
BF,19,N,FALSE,0,0,0
BG,19,N,FALSE,0,0,0
BH,19,N,FALSE,0,0,0
BI,19,N,FALSE,0,0,0
BJ,19,N,FALSE,0,0,0
BK,19,N,FALSE,0,0,0
BL,19,N,FALSE,0,0,0
BM,19,N,FALSE,0,0,0
BN,19,N,FALSE,0,0,0
BO,19,N,FALSE,0,0,0
BP,19,N,FALSE,0,0,0
BQ,19,N,FALSE,0,0,0
BR,19,N,FALSE,0,0,0
A,20,N,FALSE,0,0,0
B,20,N,FALSE,0,0,0
C,20,N,FALSE,0,0,0
D,20,N,FALSE,0,0,0
E,20,S,FALSE,0,2,1197,1153,0
F,20,S,FALSE,0,2,1145,1252,0
G,20,S,FALSE,0,7,1175,1246,1249,1250,1220,1234,1185,0
H,20,S,FALSE,0,3,1253,1230,1223,0
I,20,N,FALSE,0,0,0
J,20,N,FALSE,0,0,0
K,20,N,FALSE,0,0,0
L,20,N,FALSE,0,0,0
M,20,N,FALSE,0,0,0
N,20,N,FALSE,0,0,0
O,20,S,FALSE,0,6,1243,1202,1230,1147,1208,1220,0
P,20,S,FALSE,0,7,1163,1242,1175,1171,1142,1247,1219,0
Q,20,S,FALSE,0,7,1172,1236,1189,1185,1165,1154,1155,0
R,20,N,FALSE,0,0,0
S,20,N,FALSE,0,0,0
T,20,N,FALSE,0,0,0
U,20,N,FALSE,0,0,0
V,20,N,FALSE,0,0,0
W,20,N,FALSE,0,0,0
X,20,N,FALSE,0,0,0
Y,20,N,FALSE,0,0,0
Z,20,N,FALSE,0,0,0
AA,20,N,FALSE,0,0,0
AB,20,N,FALSE,0,0,0
AC,20,N,FALSE,0,0,0
AD,20,N,FALSE,0,0,0
AE,20,N,FALSE,0,0,0
AF,20,N,FALSE,0,0,0
AG,20,N,FALSE,0,0,0
AH,20,N,FALSE,0,0,0
AI,20,N,FALSE,0,0,0
AJ,20,N,FALSE,0,0,0
AK,20,S,FALSE,0,5,1189,1181,1139,1202,1164,0
AL,20,S,FALSE,0,7,1159,1211,1207,1258,1174,1187,1163,0
AM,20,S,FALSE,0,1,1245,0
AN,20,N,FALSE,0,0,0
AO,20,N,FALSE,0,0,0
AP,20,N,FALSE,0,0,0
AQ,20,N,FALSE,0,0,0
AR,20,S,FALSE,0,2,1174,1146,0
AS,20,S,FALSE,0,3,1241,1205,1201,0
AT,20,S,FALSE,0,3,1196,1180,1211,0
AU,20,S,FALSE,0,7,1255,1254,1177,1240,1212,1200,1172,0
AV,20,S,FALSE,0,7,1174,1204,1167,1164,1198,1252,1249,0
AW,20,S,FALSE,0,5,1200,1217,1157,1195,1256,0
AX,20,S,FALSE,0,4,1250,1189,1190,1261,0
AY,20,S,FALSE,0,3,1247,1143,1186,0
AZ,20,S,FALSE,0,2,1200,1180,0
BA,20,S,FALSE,0,2,1250,1164,0
BB,20,N,FALSE,0,0,0
BC,20,N,FALSE,0,0,0
BD,20,N,FALSE,0,0,0
BE,20,N,FALSE,0,0,0
BF,20,N,FALSE,0,0,0
BG,20,N,FALSE,0,0,0
BH,20,N,FALSE,0,0,0
BI,20,N,FALSE,0,0,0
BJ,20,N,FALSE,0,0,0
BK,20,N,FALSE,0,0,0
BL,20,N,FALSE,0,0,0
BM,20,N,FALSE,0,0,0
BN,20,N,FALSE,0,0,0
BO,20,N,FALSE,0,0,0
BP,20,N,FALSE,0,0,0
BQ,20,N,FALSE,0,0,0
BR,20,N,FALSE,0,0,0
A,21,N,FALSE,0,0,0
B,21,N,FALSE,0,0,0
C,21,N,FALSE,0,0,0
D,21,N,FALSE,0,0,0
E,21,N,FALSE,0,0,0
F,21,S,FALSE,0,3,1176,1250,1207,0
G,21,S,FALSE,0,6,1158,1167,1177,1177,1151,1154,0
H,21,S,FALSE,0,1,1219,0
I,21,S,FALSE,0,5,1185,1187,1182,1234,1235,0
J,21,S,FALSE,0,7,1224,1172,1184,1150,1189,1202,1149,0
K,21,S,FALSE,0,4,1164,1202,1186,1193,0
L,21,N,FALSE,0,0,0
M,21,S,FALSE,0,5,1218,1256,1181,1162,1252,0
N,21,S,FALSE,0,3,1250,1162,1203,0
O,21,S,FALSE,0,5,1227,1223,1140,1154,1233,0
P,21,S,FALSE,0,5,1196,1138,1249,1193,1171,0
Q,21,S,FALSE,0,6,1244,1205,1171,1259,1183,1210,0
R,21,S,FALSE,0,6,1232,1151,1164,1168,1190,1175,0
S,21,S,FALSE,0,2,1184,1223,0
T,21,S,FALSE,0,2,1185,1235,0
U,21,S,FALSE,0,2,1160,1225,0
V,21,S,FALSE,0,6,1209,1203,1186,1139,1175,1205,0
W,21,S,FALSE,0,1,1170,0
X,21,S,FALSE,0,3,1219,1177,1250,0
Y,21,S,FALSE,0,2,1158,1227,0
Z,21,S,FALSE,0,3,1151,1199,1157,0
AA,21,S,FALSE,0,6,1228,1206,1236,1208,1233,1234,0
AB,21,S,FALSE,0,6,1160,1253,1162,1222,1174,1151,0
AC,21,S,FALSE,0,1,1143,0
AD,21,S,FALSE,0,3,1202,1147,1160,0
AE,21,S,FALSE,0,2,1208,1252,0
AF,21,S,FALSE,0,6,1185,1195,1222,1210,1239,1154,0
AG,21,S,FALSE,0,1,1195,0
AH,21,S,FALSE,0,2,1142,1206,0
AI,21,S,FALSE,0,3,1165,1193,1259,0
AJ,21,S,FALSE,0,5,1236,1175,1169,1214,1184,0
AK,21,S,FALSE,0,2,1208,1147,0
AL,21,S,FALSE,0,2,1200,1146,0
AM,21,S,FALSE,0,6,1213,1194,1177,1158,1155,1178,0
AN,21,S,FALSE,0,2,1253,1159,0
AO,21,S,FALSE,0,7,1189,1244,1249,1207,1191,1141,1169,0
AP,21,S,FALSE,0,3,1164,1259,1194,0
AQ,21,S,FALSE,0,4,1159,1218,1202,1182,0
AR,21,S,FALSE,0,7,1203,1148,1201,1224,1230,1239,1154,0
AS,21,S,FALSE,0,6,1163,1246,1202,1155,1206,1243,0
AT,21,S,FALSE,0,4,1208,1168,1260,1225,0
AU,21,S,FALSE,0,4,1150,1161,1176,1219,0
AV,21,S,FALSE,0,5,1142,1249,1224,1198,1139,0
AW,21,S,FALSE,0,1,1170,0
AX,21,S,FALSE,0,1,1167,0
AY,21,S,FALSE,0,5,1138,1168,1178,1255,1141,0
AZ,21,S,FALSE,0,6,1230,1210,1197,1149,1163,1168,0
BA,21,N,FALSE,0,0,0
BB,21,N,FALSE,0,0,0
BC,21,N,FALSE,0,0,0
BD,21,N,FALSE,0,0,0
BE,21,N,FALSE,0,0,0
BF,21,N,FALSE,0,0,0
BG,21,N,FALSE,0,0,0
BH,21,N,FALSE,0,0,0
BI,21,N,FALSE,0,0,0
BJ,21,N,FALSE,0,0,0
BK,21,N,FALSE,0,0,0
BL,21,N,FALSE,0,0,0
BM,21,N,FALSE,0,0,0
BN,21,N,FALSE,0,0,0
BO,21,N,FALSE,0,0,0
BP,21,N,FALSE,0,0,0
BQ,21,N,FALSE,0,0,0
BR,21,N,FALSE,0,0,0
A,22,N,FALSE,0,0,0
B,22,N,FALSE,0,0,0
C,22,N,FALSE,0,0,0
D,22,N,FALSE,0,0,0
E,22,N,FALSE,0,0,0
F,22,N,FALSE,0,0,0
G,22,N,FALSE,0,0,0
H,22,N,FALSE,0,0,0
I,22,S,FALSE,0,2,1251,1208,0
J,22,S,FALSE,0,1,1245,0
K,22,S,FALSE,0,3,1244,1237,1178,0
L,22,N,FALSE,0,0,0
M,22,S,FALSE,0,7,1240,1218,1217,1230,1257,1234,1236,0
N,22,S,FALSE,0,1,1180,0
O,22,S,FALSE,0,1,1200,0
P,22,S,FALSE,0,7,1216,1252,1186,1199,1191,1211,1221,0
Q,22,S,FALSE,0,2,1249,1152,0
R,22,S,FALSE,0,1,1253,0
S,22,S,FALSE,0,6,1247,1248,1225,1181,1255,1184,0
T,22,S,FALSE,0,4,1197,1183,1231,1170,0
U,22,S,FALSE,0,7,1219,1228,1148,1208,1235,1192,1181,0
V,22,S,FALSE,0,4,1151,1244,1227,1165,0
W,22,S,FALSE,0,1,1189,0
X,22,S,FALSE,0,7,1254,1170,1262,1202,1152,1255,1172,0
Y,22,S,FALSE,0,7,1254,1210,1143,1213,1208,1145,1221,0
Z,22,S,FALSE,0,5,1155,1216,1185,1216,1193,0
AA,22,S,FALSE,0,2,1164,1154,0
AB,22,S,FALSE,0,1,1257,0
AC,22,S,FALSE,0,3,1210,1158,1163,0
AD,22,S,FALSE,0,3,1235,1158,1251,0
AE,22,S,FALSE,0,4,1242,1143,1234,1252,0
AF,22,S,FALSE,0,6,1192,1165,1146,1228,1190,1150,0
AG,22,S,FALSE,0,3,1210,1216,1173,0
AH,22,S,FALSE,0,2,1210,1193,0
AI,22,S,FALSE,0,7,1200,1178,1161,1182,1181,1252,1157,0
AJ,22,S,FALSE,0,1,1244,0
AK,22,S,FALSE,0,6,1214,1213,1193,1174,1162,1261,0
AL,22,S,FALSE,0,5,1207,1186,1154,1199,1171,0
AM,22,S,FALSE,0,2,1247,1219,0
AN,22,S,FALSE,0,6,1192,1224,1237,1180,1220,1159,0
AO,22,S,FALSE,0,4,1255,1221,1160,1149,0
AP,22,S,FALSE,0,6,1214,1219,1172,1215,1254,1238,0
AQ,22,N,FALSE,0,0,0
AR,22,N,FALSE,0,0,0
AS,22,S,FALSE,0,3,1228,1244,1220,0
AT,22,S,FALSE,0,5,1185,1233,1191,1184,1175,0
AU,22,S,FALSE,0,7,1175,1194,1161,1189,1158,1204,1171,0
AV,22,S,FALSE,0,3,1181,1171,1238,0
AW,22,S,FALSE,0,2,1203,1152,0
AX,22,S,FALSE,0,7,1161,1218,1243,1204,1169,1198,1241,0
AY,22,S,FALSE,0,1,1221,0
AZ,22,N,FALSE,0,0,0
BA,22,N,FALSE,0,0,0
BB,22,N,FALSE,0,0,0
BC,22,N,FALSE,0,0,0
BD,22,N,FALSE,0,0,0
BE,22,N,FALSE,0,0,0
BF,22,N,FALSE,0,0,0
BG,22,N,FALSE,0,0,0
BH,22,N,FALSE,0,0,0
BI,22,N,FALSE,0,0,0
BJ,22,N,FALSE,0,0,0
BK,22,N,FALSE,0,0,0
BL,22,N,FALSE,0,0,0
BM,22,N,FALSE,0,0,0
BN,22,N,FALSE,0,0,0
BO,22,N,FALSE,0,0,0
BP,22,N,FALSE,0,0,0
BQ,22,N,FALSE,0,0,0
BR,22,N,FALSE,0,0,0
A,23,N,FALSE,0,0,0
B,23,N,FALSE,0,0,0
C,23,N,FALSE,0,0,0
D,23,N,FALSE,0,0,0
E,23,N,FALSE,0,0,0
F,23,N,FALSE,0,0,0
G,23,N,FALSE,0,0,0
H,23,N,FALSE,0,0,0
I,23,N,FALSE,0,0,0
J,23,N,FALSE,0,0,0
K,23,N,FALSE,0,0,0
L,23,N,FALSE,0,0,0
M,23,N,FALSE,0,0,0
N,23,N,FALSE,0,0,0
O,23,N,FALSE,0,0,0
P,23,N,FALSE,0,0,0
Q,23,N,FALSE,0,0,0
R,23,N,FALSE,0,0,0
S,23,S,FALSE,0,2,1209,1215,0
T,23,S,FALSE,0,1,1220,0
U,23,S,FALSE,0,6,1158,1203,1212,1249,1221,1141,0
V,23,N,FALSE,0,0,0
W,23,N,FALSE,0,0,0
X,23,N,FALSE,0,0,0
Y,23,N,FALSE,0,0,0
Z,23,N,FALSE,0,0,0
AA,23,N,FALSE,0,0,0
AB,23,N,FALSE,0,0,0
AC,23,N,FALSE,0,0,0
AD,23,N,FALSE,0,0,0
AE,23,N,FALSE,0,0,0
AF,23,N,FALSE,0,0,0
AG,23,N,FALSE,0,0,0
AH,23,N,FALSE,0,0,0
AI,23,N,FALSE,0,0,0
AJ,23,S,FALSE,0,5,1158,1217,1214,1210,1250,0
AK,23,S,FALSE,0,6,1235,1144,1199,1175,1223,1233,0
AL,23,N,FALSE,0,0,0
AM,23,N,FALSE,0,0,0
AN,23,N,FALSE,0,0,0
AO,23,N,FALSE,0,0,0
AP,23,N,FALSE,0,0,0
AQ,23,N,FALSE,0,0,0
AR,23,N,FALSE,0,0,0
AS,23,N,FALSE,0,0,0
AT,23,S,FALSE,0,3,1247,1176,1155,0
AU,23,S,FALSE,0,4,1141,1226,1230,1163,0
AV,23,S,FALSE,0,5,1227,1140,1206,1212,1256,0
AW,23,S,FALSE,0,3,1233,1145,1261,0
AX,23,S,FALSE,0,6,1184,1258,1189,1201,1236,1201,0
AY,23,N,FALSE,0,0,0
AZ,23,N,FALSE,0,0,0
BA,23,N,FALSE,0,0,0
BB,23,N,FALSE,0,0,0
BC,23,N,FALSE,0,0,0
BD,23,N,FALSE,0,0,0
BE,23,N,FALSE,0,0,0
BF,23,N,FALSE,0,0,0
BG,23,N,FALSE,0,0,0
BH,23,N,FALSE,0,0,0
BI,23,N,FALSE,0,0,0
BJ,23,N,FALSE,0,0,0
BK,23,N,FALSE,0,0,0
BL,23,N,FALSE,0,0,0
BM,23,N,FALSE,0,0,0
BN,23,N,FALSE,0,0,0
BO,23,N,FALSE,0,0,0
BP,23,N,FALSE,0,0,0
BQ,23,N,FALSE,0,0,0
BR,23,N,FALSE,0,0,0
A,24,N,FALSE,0,0,0
B,24,N,FALSE,0,0,0
C,24,N,FALSE,0,0,0
D,24,N,FALSE,0,0,0
E,24,N,FALSE,0,0,0
F,24,N,FALSE,0,0,0
G,24,N,FALSE,0,0,0
H,24,N,FALSE,0,0,0
I,24,N,FALSE,0,0,0
J,24,N,FALSE,0,0,0
K,24,N,FALSE,0,0,0
L,24,N,FALSE,0,0,0
M,24,N,FALSE,0,0,0
N,24,N,FALSE,0,0,0
O,24,N,FALSE,0,0,0
P,24,N,FALSE,0,0,0
Q,24,N,FALSE,0,0,0
R,24,N,FALSE,0,0,0
S,24,N,FALSE,0,0,0
T,24,N,FALSE,0,0,0
U,24,N,FALSE,0,0,0
V,24,N,FALSE,0,0,0
W,24,N,FALSE,0,0,0
X,24,N,FALSE,0,0,0
Y,24,N,FALSE,0,0,0
Z,24,N,FALSE,0,0,0
AA,24,N,FALSE,0,0,0
AB,24,N,FALSE,0,0,0
AC,24,N,FALSE,0,0,0
AD,24,N,FALSE,0,0,0
AE,24,N,FALSE,0,0,0
AF,24,N,FALSE,0,0,0
AG,24,N,FALSE,0,0,0
AH,24,N,FALSE,0,0,0
AI,24,N,FALSE,0,0,0
AJ,24,S,FALSE,0,2,1185,1218,0
AK,24,N,FALSE,0,0,0
AL,24,N,FALSE,0,0,0
AM,24,S,FALSE,0,3,1242,1215,1160,0
AN,24,S,FALSE,0,7,1151,1168,1214,1239,1210,1138,1149,0
AO,24,N,FALSE,0,0,0
AP,24,N,FALSE,0,0,0
AQ,24,N,FALSE,0,0,0
AR,24,N,FALSE,0,0,0
AS,24,N,FALSE,0,0,0
AT,24,S,FALSE,0,2,1138,1232,0
AU,24,S,FALSE,0,5,1167,1221,1231,1229,1207,0
AV,24,S,FALSE,0,7,1161,1258,1153,1192,1170,1183,1201,0
AW,24,S,FALSE,0,1,1144,0
AX,24,S,FALSE,0,1,1179,0
AY,24,N,FALSE,0,0,0
AZ,24,N,FALSE,0,0,0
BA,24,N,FALSE,0,0,0
BB,24,N,FALSE,0,0,0
BC,24,N,FALSE,0,0,0
BD,24,N,FALSE,0,0,0
BE,24,N,FALSE,0,0,0
BF,24,N,FALSE,0,0,0
BG,24,N,FALSE,0,0,0
BH,24,N,FALSE,0,0,0
BI,24,N,FALSE,0,0,0
BJ,24,N,FALSE,0,0,0
BK,24,N,FALSE,0,0,0
BL,24,N,FALSE,0,0,0
BM,24,N,FALSE,0,0,0
BN,24,N,FALSE,0,0,0
BO,24,N,FALSE,0,0,0
BP,24,N,FALSE,0,0,0
BQ,24,N,FALSE,0,0,0
BR,24,N,FALSE,0,0,0
A,25,N,FALSE,0,0,0
B,25,N,FALSE,0,0,0
C,25,N,FALSE,0,0,0
D,25,N,FALSE,0,0,0
E,25,N,FALSE,0,0,0
F,25,N,FALSE,0,0,0
G,25,N,FALSE,0,0,0
H,25,N,FALSE,0,0,0
I,25,N,FALSE,0,0,0
J,25,N,FALSE,0,0,0
K,25,N,FALSE,0,0,0
L,25,N,FALSE,0,0,0
M,25,N,FALSE,0,0,0
N,25,N,FALSE,0,0,0
O,25,N,FALSE,0,0,0
P,25,N,FALSE,0,0,0
Q,25,S,FALSE,0,4,1231,1247,1166,1185,0
R,25,S,FALSE,0,6,1176,1202,1216,1248,1257,1222,0
S,25,S,FALSE,0,7,1185,1171,1169,1149,1183,1239,1219,0
T,25,N,FALSE,0,0,0
U,25,N,FALSE,0,0,0
V,25,N,FALSE,0,0,0
W,25,N,FALSE,0,0,0
X,25,N,FALSE,0,0,0
Y,25,N,FALSE,0,0,0
Z,25,N,FALSE,0,0,0
AA,25,N,FALSE,0,0,0
AB,25,N,FALSE,0,0,0
AC,25,N,FALSE,0,0,0
AD,25,N,FALSE,0,0,0
AE,25,N,FALSE,0,0,0
AF,25,N,FALSE,0,0,0
AG,25,N,FALSE,0,0,0
AH,25,N,FALSE,0,0,0
AI,25,N,FALSE,0,0,0
AJ,25,S,FALSE,0,5,1159,1207,1204,1159,1250,0
AK,25,N,FALSE,0,0,0
AL,25,S,FALSE,0,7,1172,1243,1160,1186,1206,1150,1157,0
AM,25,S,FALSE,0,3,1153,1211,1253,0
AN,25,S,FALSE,0,5,1145,1159,1234,1250,1144,0
AO,25,N,FALSE,0,0,0
AP,25,N,FALSE,0,0,0
AQ,25,N,FALSE,0,0,0
AR,25,N,FALSE,0,0,0
AS,25,N,FALSE,0,0,0
AT,25,N,FALSE,0,0,0
AU,25,N,FALSE,0,0,0
AV,25,N,FALSE,0,0,0
AW,25,N,FALSE,0,0,0
AX,25,N,FALSE,0,0,0
AY,25,N,FALSE,0,0,0
AZ,25,N,FALSE,0,0,0
BA,25,N,FALSE,0,0,0
BB,25,N,FALSE,0,0,0
BC,25,N,FALSE,0,0,0
BD,25,N,FALSE,0,0,0
BE,25,N,FALSE,0,0,0
BF,25,N,FALSE,0,0,0
BG,25,N,FALSE,0,0,0
BH,25,N,FALSE,0,0,0
BI,25,N,FALSE,0,0,0
BJ,25,N,FALSE,0,0,0
BK,25,N,FALSE,0,0,0
BL,25,N,FALSE,0,0,0
BM,25,N,FALSE,0,0,0
BN,25,N,FALSE,0,0,0
BO,25,N,FALSE,0,0,0
BP,25,N,FALSE,0,0,0
BQ,25,N,FALSE,0,0,0
BR,25,N,FALSE,0,0,0
A,26,N,FALSE,0,0,0
B,26,N,FALSE,0,0,0
C,26,N,FALSE,0,0,0
D,26,N,FALSE,0,0,0
E,26,N,FALSE,0,0,0
F,26,N,FALSE,0,0,0
G,26,N,FALSE,0,0,0
H,26,N,FALSE,0,0,0
I,26,N,FALSE,0,0,0
J,26,N,FALSE,0,0,0
K,26,N,FALSE,0,0,0
L,26,N,FALSE,0,0,0
M,26,N,FALSE,0,0,0
N,26,N,FALSE,0,0,0
O,26,N,FALSE,0,0,0
P,26,N,FALSE,0,0,0
Q,26,N,FALSE,0,0,0
R,26,N,FALSE,0,0,0
S,26,N,FALSE,0,0,0
T,26,N,FALSE,0,0,0
U,26,N,FALSE,0,0,0
V,26,N,FALSE,0,0,0
W,26,N,FALSE,0,0,0
X,26,N,FALSE,0,0,0
Y,26,N,FALSE,0,0,0
Z,26,N,FALSE,0,0,0
AA,26,N,FALSE,0,0,0
AB,26,N,FALSE,0,0,0
AC,26,N,FALSE,0,0,0
AD,26,N,FALSE,0,0,0
AE,26,N,FALSE,0,0,0
AF,26,N,FALSE,0,0,0
AG,26,N,FALSE,0,0,0
AH,26,N,FALSE,0,0,0
AI,26,S,FALSE,0,5,1244,1262,1184,1217,1258,0
AJ,26,S,FALSE,0,5,1195,1200,1168,1242,1144,0
AK,26,S,FALSE,0,6,1233,1175,1169,1162,1173,1237,0
AL,26,N,FALSE,0,0,0
AM,26,N,FALSE,0,0,0
AN,26,N,FALSE,0,0,0
AO,26,N,FALSE,0,0,0
AP,26,N,FALSE,0,0,0
AQ,26,N,FALSE,0,0,0
AR,26,N,FALSE,0,0,0
AS,26,N,FALSE,0,0,0
AT,26,N,FALSE,0,0,0
AU,26,N,FALSE,0,0,0
AV,26,N,FALSE,0,0,0
AW,26,N,FALSE,0,0,0
AX,26,N,FALSE,0,0,0
AY,26,N,FALSE,0,0,0
AZ,26,N,FALSE,0,0,0
BA,26,N,FALSE,0,0,0
BB,26,N,FALSE,0,0,0
BC,26,N,FALSE,0,0,0
BD,26,N,FALSE,0,0,0
BE,26,N,FALSE,0,0,0
BF,26,N,FALSE,0,0,0
BG,26,N,FALSE,0,0,0
BH,26,N,FALSE,0,0,0
BI,26,N,FALSE,0,0,0
BJ,26,N,FALSE,0,0,0
BK,26,N,FALSE,0,0,0
BL,26,N,FALSE,0,0,0
BM,26,N,FALSE,0,0,0
BN,26,N,FALSE,0,0,0
BO,26,N,FALSE,0,0,0
BP,26,N,FALSE,0,0,0
BQ,26,N,FALSE,0,0,0
BR,26,N,FALSE,0,0,0
A,27,N,FALSE,0,0,0
B,27,N,FALSE,0,0,0
C,27,N,FALSE,0,0,0
D,27,N,FALSE,0,0,0
E,27,N,FALSE,0,0,0
F,27,N,FALSE,0,0,0
G,27,N,FALSE,0,0,0
H,27,N,FALSE,0,0,0
I,27,N,FALSE,0,0,0
J,27,N,FALSE,0,0,0
K,27,N,FALSE,0,0,0
L,27,N,FALSE,0,0,0
M,27,N,FALSE,0,0,0
N,27,N,FALSE,0,0,0
O,27,N,FALSE,0,0,0
P,27,N,FALSE,0,0,0
Q,27,N,FALSE,0,0,0
R,27,N,FALSE,0,0,0
S,27,N,FALSE,0,0,0
T,27,N,FALSE,0,0,0
U,27,N,FALSE,0,0,0
V,27,N,FALSE,0,0,0
W,27,N,FALSE,0,0,0
X,27,N,FALSE,0,0,0
Y,27,N,FALSE,0,0,0
Z,27,N,FALSE,0,0,0
AA,27,N,FALSE,0,0,0
AB,27,N,FALSE,0,0,0
AC,27,N,FALSE,0,0,0
AD,27,N,FALSE,0,0,0
AE,27,N,FALSE,0,0,0
AF,27,N,FALSE,0,0,0
AG,27,N,FALSE,0,0,0
AH,27,N,FALSE,0,0,0
AI,27,N,FALSE,0,0,0
AJ,27,S,FALSE,0,4,1176,1197,1211,1253,0
AK,27,S,FALSE,0,6,1153,1202,1225,1203,1251,1221,0
AL,27,N,FALSE,0,0,0
AM,27,N,FALSE,0,0,0
AN,27,N,FALSE,0,0,0
AO,27,N,FALSE,0,0,0
AP,27,N,FALSE,0,0,0
AQ,27,N,FALSE,0,0,0
AR,27,N,FALSE,0,0,0
AS,27,N,FALSE,0,0,0
AT,27,N,FALSE,0,0,0
AU,27,N,FALSE,0,0,0
AV,27,N,FALSE,0,0,0
AW,27,N,FALSE,0,0,0
AX,27,N,FALSE,0,0,0
AY,27,N,FALSE,0,0,0
AZ,27,N,FALSE,0,0,0
BA,27,N,FALSE,0,0,0
BB,27,N,FALSE,0,0,0
BC,27,N,FALSE,0,0,0
BD,27,N,FALSE,0,0,0
BE,27,N,FALSE,0,0,0
BF,27,N,FALSE,0,0,0
BG,27,N,FALSE,0,0,0
BH,27,N,FALSE,0,0,0
BI,27,N,FALSE,0,0,0
BJ,27,N,FALSE,0,0,0
BK,27,N,FALSE,0,0,0
BL,27,N,FALSE,0,0,0
BM,27,N,FALSE,0,0,0
BN,27,N,FALSE,0,0,0
BO,27,N,FALSE,0,0,0
BP,27,N,FALSE,0,0,0
BQ,27,N,FALSE,0,0,0
BR,27,N,FALSE,0,0,0
A,28,N,FALSE,0,0,0
B,28,N,FALSE,0,0,0
C,28,N,FALSE,0,0,0
D,28,N,FALSE,0,0,0
E,28,N,FALSE,0,0,0
F,28,N,FALSE,0,0,0
G,28,N,FALSE,0,0,0
H,28,N,FALSE,0,0,0
I,28,N,FALSE,0,0,0
J,28,N,FALSE,0,0,0
K,28,N,FALSE,0,0,0
L,28,N,FALSE,0,0,0
M,28,N,FALSE,0,0,0
N,28,N,FALSE,0,0,0
O,28,N,FALSE,0,0,0
P,28,N,FALSE,0,0,0
Q,28,N,FALSE,0,0,0
R,28,N,FALSE,0,0,0
S,28,N,FALSE,0,0,0
T,28,N,FALSE,0,0,0
U,28,N,FALSE,0,0,0
V,28,N,FALSE,0,0,0
W,28,N,FALSE,0,0,0
X,28,N,FALSE,0,0,0
Y,28,N,FALSE,0,0,0
Z,28,N,FALSE,0,0,0
AA,28,N,FALSE,0,0,0
AB,28,N,FALSE,0,0,0
AC,28,N,FALSE,0,0,0
AD,28,N,FALSE,0,0,0
AE,28,N,FALSE,0,0,0
AF,28,N,FALSE,0,0,0
AG,28,N,FALSE,0,0,0
AH,28,N,FALSE,0,0,0
AI,28,N,FALSE,0,0,0
AJ,28,N,FALSE,0,0,0
AK,28,N,FALSE,0,0,0
AL,28,N,FALSE,0,0,0
AM,28,N,FALSE,0,0,0
AN,28,N,FALSE,0,0,0
AO,28,N,FALSE,0,0,0
AP,28,N,FALSE,0,0,0
AQ,28,N,FALSE,0,0,0
AR,28,N,FALSE,0,0,0
AS,28,N,FALSE,0,0,0
AT,28,N,FALSE,0,0,0
AU,28,N,FALSE,0,0,0
AV,28,N,FALSE,0,0,0
AW,28,N,FALSE,0,0,0
AX,28,N,FALSE,0,0,0
AY,28,N,FALSE,0,0,0
AZ,28,N,FALSE,0,0,0
BA,28,N,FALSE,0,0,0
BB,28,N,FALSE,0,0,0
BC,28,N,FALSE,0,0,0
BD,28,N,FALSE,0,0,0
BE,28,N,FALSE,0,0,0
BF,28,N,FALSE,0,0,0
BG,28,N,FALSE,0,0,0
BH,28,N,FALSE,0,0,0
BI,28,N,FALSE,0,0,0
BJ,28,N,FALSE,0,0,0
BK,28,N,FALSE,0,0,0
BL,28,N,FALSE,0,0,0
BM,28,N,FALSE,0,0,0
BN,28,N,FALSE,0,0,0
BO,28,N,FALSE,0,0,0
BP,28,N,FALSE,0,0,0
BQ,28,N,FALSE,0,0,0
BR,28,N,FALSE,0,0,0
A,29,N,FALSE,0,0,0
B,29,N,FALSE,0,0,0
C,29,N,FALSE,0,0,0
D,29,N,FALSE,0,0,0
E,29,N,FALSE,0,0,0
F,29,N,FALSE,0,0,0
G,29,N,FALSE,0,0,0
H,29,N,FALSE,0,0,0
I,29,N,FALSE,0,0,0
J,29,N,FALSE,0,0,0
K,29,N,FALSE,0,0,0
L,29,N,FALSE,0,0,0
M,29,N,FALSE,0,0,0
N,29,N,FALSE,0,0,0
O,29,N,FALSE,0,0,0
P,29,N,FALSE,0,0,0
Q,29,N,FALSE,0,0,0
R,29,N,FALSE,0,0,0
S,29,N,FALSE,0,0,0
T,29,N,FALSE,0,0,0
U,29,N,FALSE,0,0,0
V,29,N,FALSE,0,0,0
W,29,N,FALSE,0,0,0
X,29,N,FALSE,0,0,0
Y,29,N,FALSE,0,0,0
Z,29,N,FALSE,0,0,0
AA,29,N,FALSE,0,0,0
AB,29,N,FALSE,0,0,0
AC,29,N,FALSE,0,0,0
AD,29,N,FALSE,0,0,0
AE,29,N,FALSE,0,0,0
AF,29,N,FALSE,0,0,0
AG,29,N,FALSE,0,0,0
AH,29,N,FALSE,0,0,0
AI,29,N,FALSE,0,0,0
AJ,29,N,FALSE,0,0,0
AK,29,N,FALSE,0,0,0
AL,29,N,FALSE,0,0,0
AM,29,N,FALSE,0,0,0
AN,29,N,FALSE,0,0,0
AO,29,N,FALSE,0,0,0
AP,29,N,FALSE,0,0,0
AQ,29,N,FALSE,0,0,0
AR,29,N,FALSE,0,0,0
AS,29,N,FALSE,0,0,0
AT,29,N,FALSE,0,0,0
AU,29,N,FALSE,0,0,0
AV,29,N,FALSE,0,0,0
AW,29,N,FALSE,0,0,0
AX,29,N,FALSE,0,0,0
AY,29,N,FALSE,0,0,0
AZ,29,N,FALSE,0,0,0
BA,29,N,FALSE,0,0,0
BB,29,N,FALSE,0,0,0
BC,29,N,FALSE,0,0,0
BD,29,N,FALSE,0,0,0
BE,29,N,FALSE,0,0,0
BF,29,N,FALSE,0,0,0
BG,29,N,FALSE,0,0,0
BH,29,N,FALSE,0,0,0
BI,29,N,FALSE,0,0,0
BJ,29,N,FALSE,0,0,0
BK,29,N,FALSE,0,0,0
BL,29,N,FALSE,0,0,0
BM,29,N,FALSE,0,0,0
BN,29,N,FALSE,0,0,0
BO,29,N,FALSE,0,0,0
BP,29,N,FALSE,0,0,0
BQ,29,N,FALSE,0,0,0
BR,29,N,FALSE,0,0,0
